dataset,sequence_name,model_type,past,iterations,AUC,RAUC,VUS,F1,RF,AUCf,RAUCf,VUSf,F1f,RFf,search_mean,search_ci,search_std,selected_score_vus,search_mean_vus,search_ci_vus,search_std_vus,search_max_vus,run_name,overview_plot,latent_plot,roc_plot,code_configuration,experiment_name,experiment_type,slurm,path
aneo_with_noise,aneo_grid1_0.00_timeFalse,tcNF-base,120,0,0.96,0.97,0.97,0.92,0.39,[0.9644772692939101],[0.9671553262428961],[0.9668558752406221],[0.9244808887713265],[0.38886594706103284],[0.2292422243617548],[0.02779820157443637],[0.146707567843286],[0.9668558752406221],[0.824178199794227],[0.03089948962248413],[0.16307490101382274],[0.9708819838605556],tcNF-base#aneo_grid1_0.00_timeFalse#0#fexwavply6,../results/TFselfopt_selective_loop_v1_aneo_cc_re2_aneo-with-noise/tcNF-base#aneo_grid1_0.00_timeFalse#0#fexwavply6/*overview.png,../results/TFselfopt_selective_loop_v1_aneo_cc_re2_aneo-with-noise/tcNF-base#aneo_grid1_0.00_timeFalse#0#fexwavply6/*latent_space.png,../results/TFselfopt_selective_loop_v1_aneo_cc_re2_aneo-with-noise/tcNF-base#aneo_grid1_0.00_timeFalse#0#fexwavply6/*roc_curve.png,"{'coupling_stabilizer': 'tanh+bias', 'st_linear': True, 'batch_norm': 'none', 'input_embedding': 'none', 'coupling_layers': 9, 'input_embedding_type': 0, 'seed': 73, 'hidden_multiplier': 29, 'st_net_layers': 4, 'st_dropout': 0.8, 'st_funnel_factor': 5, 'past': 120, 'input_shape': [16246, 2], 'hist_shape': [16246, 120, 2]}",TFselfopt_selective_loop_v1_aneo_cc_re2_aneo-with-noise-aneo_with_noise,fixing_selective_loop_v1_aneo,23109374,../results/TFselfopt_selective_loop_v1_aneo_cc_re2_aneo-with-noise/tcNF-base#aneo_grid1_0.00_timeFalse#0#fexwavply6/
aneo_with_noise,aneo_grid1_0.00_timeFalse,tcNF-cnn,177,0,0.95,0.95,0.94,0.91,0.29,[0.9546316557257476],[0.9466219779373795],[0.9378259808393565],[0.9119708438463695],[0.2909146575417307],[0.6209437647047362],[0.035419184143855385],[0.19209749592718459],[0.9378259808393565],[0.32722424010454115],[0.043050368323885445],[0.23348555743614047],[0.943356578620402],tcNF-cnn#aneo_grid1_0.00_timeFalse#0#56joktw3bq,../results/TFselfopt_selective_loop_v1_aneo_cc_re2_aneo-with-noise/tcNF-cnn#aneo_grid1_0.00_timeFalse#0#56joktw3bq/*overview.png,../results/TFselfopt_selective_loop_v1_aneo_cc_re2_aneo-with-noise/tcNF-cnn#aneo_grid1_0.00_timeFalse#0#56joktw3bq/*latent_space.png,../results/TFselfopt_selective_loop_v1_aneo_cc_re2_aneo-with-noise/tcNF-cnn#aneo_grid1_0.00_timeFalse#0#56joktw3bq/*roc_curve.png,"{'coupling_stabilizer': 'tanh+bias', 'st_linear': True, 'batch_norm': 'none', 'input_embedding': 'none', 'coupling_layers': 15, 'input_embedding_type': 0, 'seed': 88, 'hidden_multiplier': 22, 'st_net_layers': 4, 'st_dropout': 0.4, 'st_funnel_factor': 4, 'past': 177, 'encoder_layers': 1, 'encoder_size': 7, 'encoder_dropout': 0.8, 'encoder_channel_depth': 9, 'input_shape': [16246, 2], 'hist_shape': [16246, 177, 2]}",TFselfopt_selective_loop_v1_aneo_cc_re2_aneo-with-noise-aneo_with_noise,fixing_selective_loop_v1_aneo,23108957,../results/TFselfopt_selective_loop_v1_aneo_cc_re2_aneo-with-noise/tcNF-cnn#aneo_grid1_0.00_timeFalse#0#56joktw3bq/
aneo_with_noise,aneo_grid1_0.00_timeFalse,tcNF-mlp,177,0,0.94,0.95,0.95,0.89,0.73,[0.9448135356890728],[0.9516787241221134],[0.9483649860044685],[0.8861003861003861],[0.7321474989983389],[0.29030655722481025],[0.03596306315179783],[0.1788390717091585],[0.9483649860044685],[0.7197317435518824],[0.046416199214990066],[0.23082099388581193],[0.9660233182141768],tcNF-mlp#aneo_grid1_0.00_timeFalse#0#jzyowns4km,../results/TFselfopt_selective_loop_v1_aneo_cc_re2_aneo-with-noise/tcNF-mlp#aneo_grid1_0.00_timeFalse#0#jzyowns4km/*overview.png,../results/TFselfopt_selective_loop_v1_aneo_cc_re2_aneo-with-noise/tcNF-mlp#aneo_grid1_0.00_timeFalse#0#jzyowns4km/*latent_space.png,../results/TFselfopt_selective_loop_v1_aneo_cc_re2_aneo-with-noise/tcNF-mlp#aneo_grid1_0.00_timeFalse#0#jzyowns4km/*roc_curve.png,"{'coupling_stabilizer': 'tanh+bias', 'st_linear': True, 'batch_norm': 'none', 'input_embedding': 'none', 'coupling_layers': 14, 'input_embedding_type': 0, 'seed': 32, 'hidden_multiplier': 1, 'st_net_layers': 3, 'st_dropout': 0.8, 'st_funnel_factor': 8, 'past': 177, 'encoder_layers': 2, 'encoder_dropout': 0.5, 'encoder_compression_factor': 1, 'input_shape': [16246, 2], 'hist_shape': [16246, 177, 2]}",TFselfopt_selective_loop_v1_aneo_cc_re2_aneo-with-noise-aneo_with_noise,fixing_selective_loop_v1_aneo,23109434,../results/TFselfopt_selective_loop_v1_aneo_cc_re2_aneo-with-noise/tcNF-mlp#aneo_grid1_0.00_timeFalse#0#jzyowns4km/
aneo_with_noise,aneo_grid1_1.04_timeFalse,tcNF-base,177,5,"0.97, 0.92, 0.89, 0.98, 0.88, 0.97","0.98, 0.92, 0.90, 0.97, 0.89, 0.97","0.97, 0.92, 0.90, 0.97, 0.88, 0.97","0.94, 0.87, 0.83, 0.93, 0.83, 0.93","0.40, 0.62, 0.50, 0.63, 0.50, 0.32","[0.9716299395770014, 0.9206017777476477, 0.8897334048081458, 0.9751539240216048, 0.8799409370314435, 0.9672721520655928]","[0.9763851931757986, 0.923559410447347, 0.8996981672524277, 0.9724872869985317, 0.8858973981182016, 0.9712178415085927]","[0.9749256956692699, 0.9226780097813139, 0.8958377372911712, 0.9729870551484223, 0.8824727702587463, 0.9675541697611035]","[0.9403920522736365, 0.872, 0.8340468395870058, 0.934488359501895, 0.8283758556316116, 0.9281169622309463]","[0.3987589340008529, 0.6150788051010861, 0.5024973011370356, 0.6250703898204962, 0.4973956639359427, 0.32307363179518617]","[0.3105595461595248, 0.31419639553379314, 0.29686442667575375, 0.32077231100881803, 0.2974386596181141, 0.24093284594294012]","[0.02355227127832078, 0.02475732155301232, 0.023209815849676553, 0.024321186903151434, 0.02258499656734428, 0.02315739967475957]","[0.13108415664336973, 0.1366282535242893, 0.12476050176513559, 0.13422135682569755, 0.12030320748253413, 0.12670175777813455]","[0.9749256956692699, 0.9226780097813139, 0.8958377372911712, 0.9729870551484223, 0.8824727702587463, 0.9675541697611035]","[0.7954940308781977, 0.7980078970915851, 0.8039145831679922, 0.7824281212365546, 0.811748069952304, 0.7778225287178155]","[0.029014452748748892, 0.029537075229068933, 0.028702465451475447, 0.027849084309442187, 0.024222446452489953, 0.031249482539672944]","[0.16148485316316455, 0.16300628459027341, 0.15428532543365478, 0.15369076752920427, 0.1290253904896266, 0.17097620730488144]","[0.9749256956692699, 0.9771682718706235, 0.9767285285568976, 0.9799078927328806, 0.9752822330952797, 0.9705646802332025]",tcNF-base#aneo_grid1_1.04_timeFalse#0#m6n4v02efu,../results/TFselfopt_selective_loop_v1_aneo_cc_re2_aneo-with-noise/tcNF-base#aneo_grid1_1.04_timeFalse#0#m6n4v02efu/*overview.png,../results/TFselfopt_selective_loop_v1_aneo_cc_re2_aneo-with-noise/tcNF-base#aneo_grid1_1.04_timeFalse#0#m6n4v02efu/*latent_space.png,../results/TFselfopt_selective_loop_v1_aneo_cc_re2_aneo-with-noise/tcNF-base#aneo_grid1_1.04_timeFalse#0#m6n4v02efu/*roc_curve.png,"{'coupling_stabilizer': 'tanh+bias', 'st_linear': True, 'batch_norm': 'none', 'input_embedding': 'none', 'coupling_layers': 9, 'input_embedding_type': 0, 'seed': 60, 'hidden_multiplier': 17, 'st_net_layers': 5, 'st_dropout': 0.4, 'st_funnel_factor': 4, 'past': 177, 'input_shape': [26155, 2], 'hist_shape': [26155, 177, 2]}",TFselfopt_selective_loop_v1_aneo_cc_re2_aneo-with-noise-aneo_with_noise,fixing_selective_loop_v1_aneo,23108949,../results/TFselfopt_selective_loop_v1_aneo_cc_re2_aneo-with-noise/tcNF-base#aneo_grid1_1.04_timeFalse#0#m6n4v02efu/
aneo_with_noise,aneo_grid1_1.04_timeFalse,tcNF-cnn,146,11,"0.86, 0.84, 0.85, 0.94, 0.91, 0.90, 0.79, 0.81, 0.95, 0.73, 0.84, 0.82","0.88, 0.86, 0.86, 0.96, 0.93, 0.92, 0.83, 0.83, 0.96, 0.76, 0.85, 0.84","0.87, 0.85, 0.85, 0.95, 0.91, 0.91, 0.81, 0.82, 0.96, 0.75, 0.84, 0.83","0.80, 0.78, 0.77, 0.90, 0.84, 0.84, 0.74, 0.78, 0.91, 0.62, 0.83, 0.83","0.59, 0.44, 0.58, 0.51, 0.39, 0.45, 0.50, 0.43, 0.36, 0.41, 0.65, 0.46","[0.8618126564819244, 0.8357199141465308, 0.8463977824395426, 0.9410521946073341, 0.9148808634559076, 0.8981107298842134, 0.7940978878523368, 0.8068432948214657, 0.9533059402348375, 0.7292938765586467, 0.8383598371813814, 0.8157671427608947]","[0.8764045901962267, 0.8580443155471994, 0.8632161504827354, 0.9573438964062607, 0.9277009927153828, 0.9183729699022879, 0.8269644695324068, 0.8279469589691262, 0.9580786786810107, 0.7624066017095918, 0.848621926120001, 0.835828842304184]","[0.869943519348043, 0.8510148343525501, 0.8549618216204969, 0.9522895960787332, 0.9116701602445978, 0.9120243594468449, 0.8141629213598827, 0.8185860810086489, 0.9559334542389056, 0.7467863526692202, 0.8432772813592124, 0.827471448233918]","[0.8032383981494867, 0.7816060016671298, 0.7727077671291661, 0.9046178134455992, 0.8422627141691597, 0.8352731754073668, 0.736384096024006, 0.7772524297346992, 0.9053221288515406, 0.621250635485511, 0.8327356557377049, 0.8314250913520097]","[0.5892737511333469, 0.44051400976029886, 0.5776636959940314, 0.5112992598377525, 0.38507246718846305, 0.4540507183207533, 0.5038727130283295, 0.4347163104541735, 0.36161644117326974, 0.414366509024308, 0.6521385412422602, 0.46104402004927647]","[0.8948824870485281, 0.9859691544167682, 1.0792334713951988, 0.8498285082423773, 0.927024953373609, 0.900465771062085, 0.9113359495683716, 1.0326354197078513, 0.8164759496413859, 0.9012628508167527, 0.9036711518573347, 0.5236613828031859]","[0.13513055226882348, 0.1786201964179415, 0.17969114686434826, 0.04683650357204898, 0.09131536931477673, 0.08790268558084369, 0.042720492372513255, 0.2550998625567662, 0.05490026923987365, 0.04070080570226319, 0.04362754058752057, 0.04608818151402836]","[0.7197981553086099, 0.9558083799236095, 0.9571584950007432, 0.25289334843148975, 0.47053062415456354, 0.46823009205122446, 0.23676700567275744, 1.3144807763609936, 0.28289058178852633, 0.2207426016892039, 0.24179407998630822, 0.21293175200301637]","[0.869943519348043, 0.8510148343525501, 0.8549618216204969, 0.9522895960787332, 0.9116701602445978, 0.9120243594468449, 0.8141629213598827, 0.8185860810086489, 0.9559334542389056, 0.7467863526692202, 0.8432772813592124, 0.827471448233918]","[0.38143018941325796, 0.3789103859315795, 0.3123486643401366, 0.3779000581332328, 0.3619759191448625, 0.36525785829468205, 0.3205634504278777, 0.362066673697519, 0.41351873370097, 0.35580273784049726, 0.29534963223834865, 0.4238103241202775]","[0.04382583663498875, 0.04311355783963232, 0.03600051206789683, 0.042190279381752474, 0.040463042322707074, 0.04226721803393241, 0.030170181940860196, 0.04261533426295395, 0.04889258336611046, 0.036730335998700236, 0.03158591526759683, 0.054184579165281015]","[0.2334465140197569, 0.23070347417501008, 0.19176345942172252, 0.227806095894802, 0.20849831416292544, 0.2251442405883704, 0.1672102366342537, 0.21958866267278265, 0.25193412609964905, 0.199208585416796, 0.17505656334977243, 0.2503378739232225]","[0.9586165927097389, 0.9432862341530674, 0.8839091264264556, 0.9522895960787332, 0.9306251758066026, 0.9400774610796431, 0.8520412031158385, 0.926981376905648, 0.9559334542389056, 0.7921618462990969, 0.8481839779028583, 0.9217215031077217]",tcNF-cnn#aneo_grid1_1.04_timeFalse#0#5sg7z4e1m6,../results/TFselfopt_selective_loop_v1_aneo_cc_re2_aneo-with-noise/tcNF-cnn#aneo_grid1_1.04_timeFalse#0#5sg7z4e1m6/*overview.png,../results/TFselfopt_selective_loop_v1_aneo_cc_re2_aneo-with-noise/tcNF-cnn#aneo_grid1_1.04_timeFalse#0#5sg7z4e1m6/*latent_space.png,../results/TFselfopt_selective_loop_v1_aneo_cc_re2_aneo-with-noise/tcNF-cnn#aneo_grid1_1.04_timeFalse#0#5sg7z4e1m6/*roc_curve.png,"{'coupling_stabilizer': 'tanh+bias', 'st_linear': True, 'batch_norm': 'none', 'input_embedding': 'none', 'coupling_layers': 9, 'input_embedding_type': 0, 'seed': 34, 'hidden_multiplier': 37, 'st_net_layers': 4, 'st_dropout': 0.7, 'st_funnel_factor': 6, 'past': 146, 'encoder_layers': 2, 'encoder_size': 6, 'encoder_dropout': 0.1, 'encoder_channel_depth': 10, 'input_shape': [26155, 2], 'hist_shape': [26155, 146, 2]}",TFselfopt_selective_loop_v1_aneo_cc_re2_aneo-with-noise-aneo_with_noise,fixing_selective_loop_v1_aneo,23108958,../results/TFselfopt_selective_loop_v1_aneo_cc_re2_aneo-with-noise/tcNF-cnn#aneo_grid1_1.04_timeFalse#0#5sg7z4e1m6/
aneo_with_noise,aneo_grid1_1.04_timeFalse,tcNF-mlp,215,4,"0.96, 0.91, 0.87, 0.77, 0.96","0.97, 0.92, 0.88, 0.78, 0.96","0.96, 0.92, 0.87, 0.77, 0.94","0.91, 0.87, 0.87, 0.81, 0.90","0.45, 0.45, 0.67, 0.62, 0.27","[0.9587985368586988, 0.9065456783892891, 0.8666614776287602, 0.7657630626706052, 0.9601085178475703]","[0.9683426893257209, 0.9237561141068386, 0.8750650931225205, 0.783802832726454, 0.9625664415199503]","[0.9649632419512202, 0.9172356673254243, 0.8704768006527214, 0.7747572556089538, 0.9425100868251044]","[0.9091413510889166, 0.8704932968892359, 0.8651859504132231, 0.8147711184521, 0.9047489823609226]","[0.45330142370883236, 0.44630765121732857, 0.6653550817406779, 0.6232480103937862, 0.2749371667611216]","[0.5542002866352456, 0.5358077575237981, 0.5034743835719323, 0.5784740317391827, 0.40628736079145944]","[0.03803695591672662, 0.036001960302534726, 0.0321582721845333, 0.03943395461836948, 0.026588967068591075]","[0.18512726199762122, 0.18641836287815286, 0.17898231294141384, 0.21005233320114602, 0.14798540162081097]","[0.9649632419512202, 0.9172356673254243, 0.8704768006527214, 0.7747572556089538, 0.9425100868251044]","[0.5074809179280597, 0.5298813518454798, 0.5605369161400545, 0.4867152563272643, 0.5542252272444793]","[0.048941488160292396, 0.046940534223558296, 0.03771239142674403, 0.04279980193409036, 0.03822355831935748]","[0.23820002108054197, 0.2430583631848946, 0.2098947047085748, 0.22798114832273775, 0.2127396906647243]","[0.9729067584687725, 0.9679855098901351, 0.9323990550219433, 0.9359625577191221, 0.9541914254145702]",tcNF-mlp#aneo_grid1_1.04_timeFalse#0#2q90xgysc7,../results/TFselfopt_selective_loop_v1_aneo_cc_re2_aneo-with-noise/tcNF-mlp#aneo_grid1_1.04_timeFalse#0#2q90xgysc7/*overview.png,../results/TFselfopt_selective_loop_v1_aneo_cc_re2_aneo-with-noise/tcNF-mlp#aneo_grid1_1.04_timeFalse#0#2q90xgysc7/*latent_space.png,../results/TFselfopt_selective_loop_v1_aneo_cc_re2_aneo-with-noise/tcNF-mlp#aneo_grid1_1.04_timeFalse#0#2q90xgysc7/*roc_curve.png,"{'coupling_stabilizer': 'tanh+bias', 'st_linear': True, 'batch_norm': 'none', 'input_embedding': 'none', 'coupling_layers': 11, 'input_embedding_type': 0, 'seed': 99, 'hidden_multiplier': 20, 'st_net_layers': 5, 'st_dropout': 0.1, 'st_funnel_factor': 1, 'past': 215, 'encoder_layers': 1, 'encoder_dropout': 0.5, 'encoder_compression_factor': 3, 'input_shape': [26155, 2], 'hist_shape': [26155, 215, 2]}",TFselfopt_selective_loop_v1_aneo_cc_re2_aneo-with-noise-aneo_with_noise,fixing_selective_loop_v1_aneo,23109531,../results/TFselfopt_selective_loop_v1_aneo_cc_re2_aneo-with-noise/tcNF-mlp#aneo_grid1_1.04_timeFalse#0#2q90xgysc7/
aneo_with_noise,aneo_grid1_13.69_timeFalse,tcNF-base,176,11,"0.96, 0.95, 0.94, 0.94, 0.96, 0.96, 0.89, 0.94, 0.93, 0.88, 0.96, 0.96","0.96, 0.96, 0.95, 0.95, 0.96, 0.96, 0.90, 0.94, 0.94, 0.89, 0.97, 0.97","0.96, 0.96, 0.94, 0.95, 0.96, 0.96, 0.90, 0.94, 0.94, 0.89, 0.97, 0.97","0.91, 0.91, 0.88, 0.89, 0.91, 0.91, 0.82, 0.90, 0.88, 0.86, 0.92, 0.92","0.45, 0.40, 0.43, 0.51, 0.42, 0.45, 0.59, 0.61, 0.42, 0.55, 0.40, 0.56","[0.9584819218522522, 0.953818566963488, 0.9359471856374126, 0.9398444878817133, 0.9558669815240957, 0.9574132311260255, 0.8924660191249524, 0.9360923113104707, 0.9300716045383993, 0.884533528508114, 0.9635261270150939, 0.9625017104993905]","[0.9613844259532828, 0.9646151842393016, 0.9463689647709124, 0.9464591738108535, 0.963534735554698, 0.962613506861046, 0.9017107519841404, 0.9427460258848852, 0.9437119166025949, 0.8930232077282519, 0.9714749970900474, 0.9696105595614071]","[0.9607031362365601, 0.9621700327375852, 0.944688765004124, 0.945666560455, 0.9622571232994537, 0.9600755770611412, 0.8985175612975792, 0.9405926266420462, 0.9389831292663555, 0.8892161137467219, 0.9694605349706676, 0.96806446023287]","[0.9094845081856312, 0.9069830878341517, 0.8847453046885556, 0.8909115609292215, 0.913570052298376, 0.9121258104566147, 0.8226457087216581, 0.8958333333333334, 0.8827809215844786, 0.8596191726854892, 0.9242361967392794, 0.9191836734693878]","[0.45071876898045216, 0.3998146456980318, 0.4263411431447342, 0.5124115643648777, 0.41893730543263397, 0.44735520838919146, 0.587713286296843, 0.6073625391846665, 0.4160560492091452, 0.5478850969623804, 0.4047374941691202, 0.5588622486386158]","[0.30120274832177696, 0.33658577669719014, 0.32927170843268827, 0.3404493690527772, 0.32095480140719373, 0.34384698664052005, 0.33094709083687046, 0.38148707876140536, 0.3458103806960656, 0.35585760549601797, 0.34934554652683975, 0.2841914104887631]","[0.02248184647089699, 0.02572566425682533, 0.022921398637028117, 0.02324091669266342, 0.021843896048150638, 0.020360761491601452, 0.021084884210405268, 0.026311279066097284, 0.021565019703979067, 0.0266612790408024, 0.025857207430221615, 0.018727013823575164]","[0.11527538814574, 0.13952426641811697, 0.11217057769579249, 0.12322790365153677, 0.11794595226153712, 0.10895176942792703, 0.11384767355780577, 0.14270037397559537, 0.11112041989602658, 0.129761424678252, 0.12375617677115812, 0.1015667793784191]","[0.9607031362365601, 0.9621700327375852, 0.944688765004124, 0.945666560455, 0.9622571232994537, 0.9600755770611412, 0.8985175612975792, 0.9405926266420462, 0.9389831292663555, 0.8892161137467219, 0.9694605349706676, 0.96806446023287]","[0.7842637291161377, 0.7245585491381847, 0.745338165697886, 0.7464572217450035, 0.7712141121435875, 0.7435675812724947, 0.7601340608209943, 0.7140927266306621, 0.7393410499028379, 0.7127792494614621, 0.7283244105601667, 0.743579510793958]","[0.027573472624638284, 0.03275010544955105, 0.03039871151071252, 0.028651001982104136, 0.026725170936597136, 0.027795382681614644, 0.027382853523240117, 0.029227325328859684, 0.02778659255125939, 0.03492111891778634, 0.03417682294291739, 0.027008756540522576]","[0.14138263791836558, 0.1776216307710017, 0.14876234584812684, 0.1519132381247785, 0.14430235927332075, 0.1487349147691471, 0.1478535114485759, 0.1585156785520465, 0.14317899423045874, 0.1699623688419352, 0.16357500913485173, 0.14648317359510493]","[0.9696199292030141, 0.9621700327375852, 0.9561646354958075, 0.9467878503862722, 0.9622571232994537, 0.9600755770611412, 0.9419275955892364, 0.9532675060843749, 0.9389831292663555, 0.9407676045799583, 0.9694605349706676, 0.96806446023287]",tcNF-base#aneo_grid1_13.69_timeFalse#0#f5e96iopsj,../results/TFselfopt_selective_loop_v1_aneo_cc_re2_aneo-with-noise/tcNF-base#aneo_grid1_13.69_timeFalse#0#f5e96iopsj/*overview.png,../results/TFselfopt_selective_loop_v1_aneo_cc_re2_aneo-with-noise/tcNF-base#aneo_grid1_13.69_timeFalse#0#f5e96iopsj/*latent_space.png,../results/TFselfopt_selective_loop_v1_aneo_cc_re2_aneo-with-noise/tcNF-base#aneo_grid1_13.69_timeFalse#0#f5e96iopsj/*roc_curve.png,"{'coupling_stabilizer': 'tanh+bias', 'st_linear': True, 'batch_norm': 'none', 'input_embedding': 'none', 'coupling_layers': 9, 'input_embedding_type': 0, 'seed': 44, 'hidden_multiplier': 19, 'st_net_layers': 4, 'st_dropout': 0.5, 'st_funnel_factor': 6, 'past': 176, 'input_shape': [30115, 2], 'hist_shape': [30115, 176, 2]}",TFselfopt_selective_loop_v1_aneo_cc_re2_aneo-with-noise-aneo_with_noise,fixing_selective_loop_v1_aneo,23108950,../results/TFselfopt_selective_loop_v1_aneo_cc_re2_aneo-with-noise/tcNF-base#aneo_grid1_13.69_timeFalse#0#f5e96iopsj/
aneo_with_noise,aneo_grid1_13.69_timeFalse,tcNF-cnn,153,6,"0.87, 0.79, 0.73, 0.83, 0.87, 0.82, 0.85","0.89, 0.82, 0.76, 0.85, 0.89, 0.84, 0.86","0.88, 0.80, 0.75, 0.84, 0.88, 0.83, 0.85","0.83, 0.77, 0.75, 0.81, 0.84, 0.73, 0.82","0.43, 0.57, 0.61, 0.60, 0.37, 0.42, 0.42","[0.87044144066105, 0.7860244144233494, 0.7315045322479874, 0.8297818553572422, 0.8693509057591207, 0.8157409464888836, 0.8536281209029093]","[0.8860044480493392, 0.8176261320696508, 0.7608296942533613, 0.8521733096261266, 0.886011510127141, 0.8431403772802724, 0.8570287993273314]","[0.8812695059199516, 0.8047512433398906, 0.748646888767525, 0.8443827165103094, 0.8807638586462324, 0.8324186858343227, 0.8475561352258254]","[0.8305585392051558, 0.7665406427221172, 0.7461737697198022, 0.8119542491698438, 0.8418864492659478, 0.730153893036721, 0.8207302064816081]","[0.43442894462619214, 0.5713128149252126, 0.610526343725031, 0.5975360497578414, 0.37260211427496115, 0.41798418895652606, 0.4184829634033995]","[0.7383711254385827, 0.9978006500625833, 1.1489088380653194, 0.7857676496516623, 0.7956254575042306, 0.815498933330418, 0.5848613670342132]","[0.051917808485275274, 0.2048305426105685, 0.44544832869582823, 0.0948135115804743, 0.05808197419732159, 0.046729931485324894, 0.028907384186985158]","[0.28405942322801936, 1.1010324872213768, 2.4792181529022512, 0.4861551013191183, 0.32053704512543785, 0.25231791325154457, 0.16088894494030298]","[0.8812695059199516, 0.8047512433398906, 0.748646888767525, 0.8443827165103094, 0.8807638586462324, 0.8324186858343227, 0.8475561352258254]","[0.3665049589026202, 0.3278220361875869, 0.2846743196657705, 0.3941838593100311, 0.3378136477148643, 0.325703706479698, 0.34688836126288436]","[0.03786005533117334, 0.035603037542564504, 0.03403369412083031, 0.03624841302667704, 0.026536452391575663, 0.03129769309477018, 0.030605575234441712]","[0.2071448274594285, 0.19137820209095746, 0.18942029151107545, 0.1858632869291441, 0.14644674454092102, 0.16899165824241916, 0.17034051496701483]","[0.9431266235755913, 0.9203643327544516, 0.9287988839824229, 0.8443827165103094, 0.8807638586462324, 0.9164458963547815, 0.8475561352258254]",tcNF-cnn#aneo_grid1_13.69_timeFalse#0#pvy5sr813x,../results/TFselfopt_selective_loop_v1_aneo_cc_re2_aneo-with-noise/tcNF-cnn#aneo_grid1_13.69_timeFalse#0#pvy5sr813x/*overview.png,../results/TFselfopt_selective_loop_v1_aneo_cc_re2_aneo-with-noise/tcNF-cnn#aneo_grid1_13.69_timeFalse#0#pvy5sr813x/*latent_space.png,../results/TFselfopt_selective_loop_v1_aneo_cc_re2_aneo-with-noise/tcNF-cnn#aneo_grid1_13.69_timeFalse#0#pvy5sr813x/*roc_curve.png,"{'coupling_stabilizer': 'tanh+bias', 'st_linear': True, 'batch_norm': 'none', 'input_embedding': 'none', 'coupling_layers': 15, 'input_embedding_type': 0, 'seed': 72, 'hidden_multiplier': 41, 'st_net_layers': 3, 'st_dropout': 0.9, 'st_funnel_factor': 1, 'past': 153, 'encoder_layers': 1, 'encoder_size': 6, 'encoder_dropout': 0.4, 'encoder_channel_depth': 6, 'input_shape': [30115, 2], 'hist_shape': [30115, 153, 2]}",TFselfopt_selective_loop_v1_aneo_cc_re2_aneo-with-noise-aneo_with_noise,fixing_selective_loop_v1_aneo,23108959,../results/TFselfopt_selective_loop_v1_aneo_cc_re2_aneo-with-noise/tcNF-cnn#aneo_grid1_13.69_timeFalse#0#pvy5sr813x/
aneo_with_noise,aneo_grid1_13.69_timeFalse,tcNF-mlp,119,11,"0.90, 0.86, 0.85, 0.76, 0.83, 0.91, 0.84, 0.86, 0.80, 0.73, 0.81, 0.82","0.91, 0.88, 0.87, 0.78, 0.84, 0.92, 0.87, 0.87, 0.82, 0.76, 0.83, 0.84","0.91, 0.87, 0.86, 0.77, 0.84, 0.91, 0.86, 0.87, 0.81, 0.75, 0.82, 0.83","0.85, 0.83, 0.81, 0.77, 0.82, 0.86, 0.78, 0.81, 0.73, 0.68, 0.81, 0.75","0.45, 0.48, 0.50, 0.63, 0.48, 0.50, 0.48, 0.65, 0.68, 0.69, 0.59, 0.64","[0.9010987787766676, 0.8566657585850332, 0.8495990840511153, 0.755139009722332, 0.8297444440678207, 0.9067834953443031, 0.8427335684302281, 0.8577356628765767, 0.7951918542148169, 0.7282264412448167, 0.8070547481161492, 0.8169888682582784]","[0.9126261141316419, 0.8758373981506441, 0.8653072217892916, 0.7805503699334314, 0.8447027393795944, 0.9173370525809272, 0.8689355168401153, 0.8726274316321457, 0.8223063471125265, 0.7564677352336909, 0.8261345915795929, 0.8425785352969926]","[0.9115544923299708, 0.8702169672981369, 0.8591851968818713, 0.7696257797943444, 0.8405035815558397, 0.9149805965569026, 0.8593105743322307, 0.8669774870272542, 0.8120188133642484, 0.7459503088546441, 0.8189495526982281, 0.8307197368117094]","[0.8532358516111562, 0.8292622442653441, 0.8145896656534954, 0.7696828700869353, 0.8239047735918518, 0.8641304347826086, 0.7819420783645656, 0.813359023763648, 0.7304879670256614, 0.6781687270751257, 0.8120845921450152, 0.7515905947441217]","[0.4540903520503018, 0.4840590609848045, 0.49986169035678635, 0.6264226014861096, 0.4803464515474336, 0.4984695615968193, 0.4818469834039311, 0.6523377654737381, 0.6847768643294774, 0.6865939557176743, 0.5866952217430789, 0.6417584141877117]","[0.5308243294077973, 0.5572128941098123, 0.569027337016706, 0.5972323107195019, 0.5456387900003395, 0.5421183089655206, 0.5610623297085382, 0.5526064171884709, 0.5894580037915049, 0.6568083962646994, 0.5802144629619013, 0.4763164848661514]","[0.03565079479620864, 0.03634824975421711, 0.03667110768566311, 0.039503643333856066, 0.041322079052868936, 0.03918383143765424, 0.038320251114349994, 0.03328766760299968, 0.03835524209628482, 0.03343823592660225, 0.03408710396187723, 0.02862878657715975]","[0.1907697399314389, 0.19361574923288738, 0.202376876156204, 0.19014113564239374, 0.20764044931953243, 0.2077603680160157, 0.19648661095374317, 0.1837046822192094, 0.2014751972404915, 0.17481630471450751, 0.1815713333485191, 0.1552694774269738]","[0.9115544923299708, 0.8702169672981369, 0.8591851968818713, 0.7696257797943444, 0.8405035815558397, 0.9149805965569026, 0.8593105743322307, 0.8669774870272542, 0.8120188133642484, 0.7459503088546441, 0.8189495526982281, 0.8307197368117094]","[0.49471789352439427, 0.46922811857080676, 0.48413838208496596, 0.4329297931748864, 0.48472058624459896, 0.5043828738871778, 0.48551706959749297, 0.4988964627490117, 0.4571008771287156, 0.40068835113578566, 0.46050101562151435, 0.4721059115748489]","[0.04059358310585473, 0.039316240344279156, 0.03800073182250453, 0.03981413550649758, 0.043883078442068284, 0.04057212199263837, 0.038800438232396435, 0.03302744646294962, 0.0375053857021312, 0.03305577167477555, 0.03544207542212613, 0.03973918209463961]","[0.2172189241854634, 0.20942530610830065, 0.20971467411917794, 0.1916356138558383, 0.22050928544948709, 0.21512135712897643, 0.19894876442886114, 0.18226859957113262, 0.19701100994092086, 0.17281676779705457, 0.18878884220353168, 0.21552719395144543]","[0.9115544923299708, 0.8710506320658558, 0.8630326846052156, 0.8781947005518786, 0.9069503112386864, 0.9149805965569026, 0.8812655153696263, 0.8669774870272542, 0.8695172437264048, 0.8750669157609938, 0.8954427817377755, 0.8981136813956192]",tcNF-mlp#aneo_grid1_13.69_timeFalse#0#0kc6nx93em,../results/TFselfopt_selective_loop_v1_aneo_cc_re2_aneo-with-noise/tcNF-mlp#aneo_grid1_13.69_timeFalse#0#0kc6nx93em/*overview.png,../results/TFselfopt_selective_loop_v1_aneo_cc_re2_aneo-with-noise/tcNF-mlp#aneo_grid1_13.69_timeFalse#0#0kc6nx93em/*latent_space.png,../results/TFselfopt_selective_loop_v1_aneo_cc_re2_aneo-with-noise/tcNF-mlp#aneo_grid1_13.69_timeFalse#0#0kc6nx93em/*roc_curve.png,"{'coupling_stabilizer': 'tanh+bias', 'st_linear': True, 'batch_norm': 'none', 'input_embedding': 'none', 'coupling_layers': 13, 'input_embedding_type': 0, 'seed': 96, 'hidden_multiplier': 47, 'st_net_layers': 5, 'st_dropout': 0.3, 'st_funnel_factor': 8, 'past': 119, 'encoder_layers': 1, 'encoder_dropout': 0.7, 'encoder_compression_factor': 7, 'input_shape': [30115, 2], 'hist_shape': [30115, 119, 2]}",TFselfopt_selective_loop_v1_aneo_cc_re2_aneo-with-noise-aneo_with_noise,fixing_selective_loop_v1_aneo,23108983,../results/TFselfopt_selective_loop_v1_aneo_cc_re2_aneo-with-noise/tcNF-mlp#aneo_grid1_13.69_timeFalse#0#0kc6nx93em/
aneo_with_noise,aneo_grid1_24.19_timeFalse,tcNF-base,146,10,"0.79, 0.76, 0.88, 0.73, 0.69, 0.83, 0.83, 0.73, 0.69, 0.77, 0.81","0.82, 0.79, 0.90, 0.75, 0.72, 0.84, 0.84, 0.75, 0.72, 0.80, 0.82","0.80, 0.77, 0.89, 0.74, 0.71, 0.84, 0.83, 0.74, 0.70, 0.79, 0.82","0.84, 0.81, 0.85, 0.80, 0.78, 0.85, 0.86, 0.81, 0.80, 0.83, 0.81","0.44, 0.59, 0.47, 0.53, 0.61, 0.54, 0.52, 0.46, 0.48, 0.58, 0.38","[0.7905951617243173, 0.7640645315449566, 0.8820173891355774, 0.7338960091695321, 0.6918644255044561, 0.831342876978373, 0.826214852114512, 0.7253781615991945, 0.6904775714298269, 0.7728511629094265, 0.8130160738818565]","[0.8150164577043215, 0.7864882762662166, 0.8980024431968783, 0.75354668116012, 0.7240769026284944, 0.8446409448925767, 0.8368686901551596, 0.7519731313460911, 0.7166495591821263, 0.7992938395056153, 0.8241589789548185]","[0.8040850334722459, 0.7747930052547547, 0.891736296953924, 0.7434585621752835, 0.7097664105933598, 0.840749300951306, 0.8321992090126927, 0.7421029931936156, 0.7031733736372836, 0.7864089940686633, 0.8224119932115935]","[0.8408365827720666, 0.8100857036392994, 0.8535429141716567, 0.7977463493158561, 0.7780499755022048, 0.8510958046336882, 0.8587333003463632, 0.8103872845310052, 0.7976586709514518, 0.8256880733944955, 0.8136176977083057]","[0.4399094314248893, 0.5890161653494007, 0.4667795199098366, 0.5288536072849066, 0.6118060150976958, 0.5354441776007136, 0.5211848362271205, 0.4585991748106177, 0.4814633569536621, 0.5846850911102155, 0.38251643606701174]","[0.47309537249094813, 0.4553574292249939, 0.4561315692341697, 0.43585189940003877, 0.44863279366401887, 0.441391350464751, 0.471040226879693, 0.4707204251255336, 0.48924390091536846, 0.4662254400973142, 0.36837830842715674]","[0.028834968154312465, 0.026492146817486576, 0.028679738860420075, 0.026089850143671385, 0.02951672996880988, 0.028446697512031972, 0.02963601339327566, 0.02490810359694637, 0.02547005970910582, 0.030220301387148124, 0.025571932829979504]","[0.15429780478034416, 0.1443156758339829, 0.15894985091106525, 0.14024164672323317, 0.16358865228021058, 0.1556412476520751, 0.1649442542513941, 0.13687167643136322, 0.1387478676520575, 0.16819620808669652, 0.14172565972846107]","[0.8040850334722459, 0.7747930052547547, 0.891736296953924, 0.7434585621752835, 0.7097664105933598, 0.840749300951306, 0.8321992090126927, 0.7421029931936156, 0.7031733736372836, 0.7864089940686633, 0.8224119932115935]","[0.5682044703441799, 0.5827561565874465, 0.5868219298304278, 0.6227799435762362, 0.5880296668618619, 0.5929772449145734, 0.5805442616519954, 0.5573633914037451, 0.5854919926783346, 0.5640712965711776, 0.5908548145844311]","[0.027112113459388087, 0.02299945662652348, 0.02588818566701188, 0.022572043939548488, 0.024475908061804073, 0.024896266831775666, 0.02256826057775707, 0.02395728099580454, 0.025638849854972154, 0.023719003737744025, 0.02431543482629041]","[0.1450786963714249, 0.12528928477326087, 0.14347840725315597, 0.1213322650210515, 0.13565123295825274, 0.13621567248492014, 0.1256074783524664, 0.13164684336044782, 0.13966735009878536, 0.1320121343984786, 0.13476185258473355]","[0.9023781526947745, 0.8935051136280844, 0.891736296953924, 0.8834326147987394, 0.8813402777197794, 0.8512120702552511, 0.8580283725949217, 0.8422414039616092, 0.8961858429973418, 0.8090183078465504, 0.8597377139796499]",tcNF-base#aneo_grid1_24.19_timeFalse#0#ufdrjg5v3i,../results/TFselfopt_selective_loop_v1_aneo_cc_re2_aneo-with-noise/tcNF-base#aneo_grid1_24.19_timeFalse#0#ufdrjg5v3i/*overview.png,../results/TFselfopt_selective_loop_v1_aneo_cc_re2_aneo-with-noise/tcNF-base#aneo_grid1_24.19_timeFalse#0#ufdrjg5v3i/*latent_space.png,../results/TFselfopt_selective_loop_v1_aneo_cc_re2_aneo-with-noise/tcNF-base#aneo_grid1_24.19_timeFalse#0#ufdrjg5v3i/*roc_curve.png,"{'coupling_stabilizer': 'tanh+bias', 'st_linear': True, 'batch_norm': 'none', 'input_embedding': 'none', 'coupling_layers': 14, 'input_embedding_type': 0, 'seed': 54, 'hidden_multiplier': 11, 'st_net_layers': 8, 'st_dropout': 0.4, 'st_funnel_factor': 2, 'past': 146, 'input_shape': [39018, 2], 'hist_shape': [39018, 146, 2]}",TFselfopt_selective_loop_v1_aneo_cc_re2_aneo-with-noise-aneo_with_noise,fixing_selective_loop_v1_aneo,23108951,../results/TFselfopt_selective_loop_v1_aneo_cc_re2_aneo-with-noise/tcNF-base#aneo_grid1_24.19_timeFalse#0#ufdrjg5v3i/
aneo_with_noise,aneo_grid1_24.19_timeFalse,tcNF-cnn,200,6,"0.75, 0.67, 0.85, 0.74, 0.66, 0.74, 0.74","0.78, 0.70, 0.87, 0.78, 0.70, 0.77, 0.78","0.76, 0.68, 0.86, 0.76, 0.69, 0.76, 0.76","0.81, 0.78, 0.73, 0.74, 0.74, 0.78, 0.65","0.46, 0.46, 0.60, 0.59, 0.52, 0.61, 0.63","[0.7499574205962121, 0.669621279742289, 0.8541194893149757, 0.7423373184307513, 0.6643356587755629, 0.7390651278658451, 0.7390455434324565]","[0.7799919356993863, 0.6972647586753317, 0.868188931377391, 0.775686191945539, 0.7039097719276604, 0.7668813204731592, 0.7751523641061566]","[0.7649551396394679, 0.6845328688839154, 0.862164568994993, 0.7600070604752284, 0.6872135661520263, 0.7552496966762939, 0.7596543028122369]","[0.8132193732193732, 0.7814368003477883, 0.7318074191002368, 0.7402485542020426, 0.7446426686371793, 0.7829351535836178, 0.6533805727782699]","[0.45722840033940376, 0.4626176940437311, 0.5996520938066863, 0.5930425102310933, 0.5161203948643881, 0.6076426089887674, 0.6290484501717488]","[0.5589904546840015, 0.614053416695074, 0.5931210675158326, 0.5423924014467514, 0.570314797563462, 0.589295596587852, 0.4299570484881648]","[0.04259730509365406, 0.04048532675650039, 0.039977081955868556, 0.038732443997357216, 0.03813318681397491, 0.04295267495375025, 0.029748132768122434]","[0.21404836765669577, 0.22246954781066003, 0.2206215594418015, 0.21006710580381946, 0.21044565360403136, 0.2390603906244823, 0.16417104802771829]","[0.7649551396394679, 0.6845328688839154, 0.862164568994993, 0.7600070604752284, 0.6872135661520263, 0.7552496966762939, 0.7596543028122369]","[0.47234699972264105, 0.4253109982480726, 0.44075992625845906, 0.47679118088761224, 0.44554546676652534, 0.41892492332948184, 0.49098820113140884]","[0.039147860580623146, 0.0334483846556093, 0.03155679356904726, 0.033113227874888865, 0.03201476528979892, 0.030756780790615265, 0.03209616977794638]","[0.1967151592362737, 0.18380108561518874, 0.1741525060751513, 0.1795910411430501, 0.17667991503721647, 0.17118207511111214, 0.17712916206181123]","[0.9277570842325263, 0.8096240151991312, 0.862164568994993, 0.9330372794790103, 0.8063627187166653, 0.7985823925059982, 0.8729847193358423]",tcNF-cnn#aneo_grid1_24.19_timeFalse#0#ih0s46aw91,../results/TFselfopt_selective_loop_v1_aneo_cc_re2_aneo-with-noise/tcNF-cnn#aneo_grid1_24.19_timeFalse#0#ih0s46aw91/*overview.png,../results/TFselfopt_selective_loop_v1_aneo_cc_re2_aneo-with-noise/tcNF-cnn#aneo_grid1_24.19_timeFalse#0#ih0s46aw91/*latent_space.png,../results/TFselfopt_selective_loop_v1_aneo_cc_re2_aneo-with-noise/tcNF-cnn#aneo_grid1_24.19_timeFalse#0#ih0s46aw91/*roc_curve.png,"{'coupling_stabilizer': 'tanh+bias', 'st_linear': True, 'batch_norm': 'none', 'input_embedding': 'none', 'coupling_layers': 9, 'input_embedding_type': 0, 'seed': 73, 'hidden_multiplier': 21, 'st_net_layers': 6, 'st_dropout': 0.7, 'st_funnel_factor': 3, 'past': 200, 'encoder_layers': 2, 'encoder_size': 4, 'encoder_dropout': 0.3, 'encoder_channel_depth': 10, 'input_shape': [39018, 2], 'hist_shape': [39018, 200, 2]}",TFselfopt_selective_loop_v1_aneo_cc_re2_aneo-with-noise-aneo_with_noise,fixing_selective_loop_v1_aneo,23109392,../results/TFselfopt_selective_loop_v1_aneo_cc_re2_aneo-with-noise/tcNF-cnn#aneo_grid1_24.19_timeFalse#0#ih0s46aw91/
aneo_with_noise,aneo_grid1_24.19_timeFalse,tcNF-mlp,125,4,"0.88, 0.82, 0.75, 0.82, 0.72","0.88, 0.84, 0.79, 0.83, 0.75","0.88, 0.84, 0.77, 0.82, 0.74","0.85, 0.81, 0.81, 0.83, 0.80","0.63, 0.62, 0.66, 0.65, 0.54","[0.8753203080112467, 0.8231698911934076, 0.7547296615868496, 0.818961748839685, 0.7228486311610932]","[0.8818321250777037, 0.8433370264967753, 0.7869066233586502, 0.8314140201571385, 0.7488696967487362]","[0.8785533905853012, 0.8353970629193982, 0.7717799649268422, 0.8241447113513146, 0.7367793623292281]","[0.8457572802006409, 0.8072646404744255, 0.8124922234664675, 0.8296703296703297, 0.7991281404152805]","[0.6341305579002632, 0.6234996443777318, 0.6591155869249697, 0.6526885174012501, 0.540573069010625]","[0.5951542072060928, 0.5686182191899174, 0.5746502640834732, 0.6082841639217932, 0.4669007685133945]","[0.035719701812321855, 0.034309005222620044, 0.03440367873460218, 0.032058322824296624, 0.03081184448711778]","[0.19543424868487466, 0.18771586319612507, 0.18409634013496964, 0.17309867274064222, 0.1685817454348911]","[0.8785533905853012, 0.8353970629193982, 0.7717799649268422, 0.8241447113513146, 0.7367793623292281]","[0.37157975521003334, 0.4215414552550748, 0.4117363239303764, 0.37580831274122783, 0.4314771323786518]","[0.03107135840647491, 0.03280888385883421, 0.03449416189022639, 0.03183829276300255, 0.03444092245971692]","[0.17000163152798642, 0.17950820532686254, 0.18458052143205653, 0.17191062208116786, 0.1884376258316608]","[0.8785533905853012, 0.8665197839324226, 0.8217809108573441, 0.8241447113513146, 0.8568430207046459]",tcNF-mlp#aneo_grid1_24.19_timeFalse#0#6tcuvx4jm2,../results/TFselfopt_selective_loop_v1_aneo_cc_re2_aneo-with-noise/tcNF-mlp#aneo_grid1_24.19_timeFalse#0#6tcuvx4jm2/*overview.png,../results/TFselfopt_selective_loop_v1_aneo_cc_re2_aneo-with-noise/tcNF-mlp#aneo_grid1_24.19_timeFalse#0#6tcuvx4jm2/*latent_space.png,../results/TFselfopt_selective_loop_v1_aneo_cc_re2_aneo-with-noise/tcNF-mlp#aneo_grid1_24.19_timeFalse#0#6tcuvx4jm2/*roc_curve.png,"{'coupling_stabilizer': 'tanh+bias', 'st_linear': True, 'batch_norm': 'none', 'input_embedding': 'none', 'coupling_layers': 10, 'input_embedding_type': 0, 'seed': 62, 'hidden_multiplier': 1, 'st_net_layers': 8, 'st_dropout': 0.6, 'st_funnel_factor': 3, 'past': 125, 'encoder_layers': 1, 'encoder_dropout': 0.2, 'encoder_compression_factor': 12, 'input_shape': [39018, 2], 'hist_shape': [39018, 125, 2]}",TFselfopt_selective_loop_v1_aneo_cc_re2_aneo-with-noise-aneo_with_noise,fixing_selective_loop_v1_aneo,23108984,../results/TFselfopt_selective_loop_v1_aneo_cc_re2_aneo-with-noise/tcNF-mlp#aneo_grid1_24.19_timeFalse#0#6tcuvx4jm2/
aneo_with_noise,aneo_grid1_0.00_timeFalse,tcNF-base,105,quadratic,0.97,0.98,0.98,0.93,0.38,[0.9747802714452684],[0.9754126149203152],[0.9759823771842696],[0.9305119453924915],[0.38314749376566914],[0.19849433561518826],[0.024573380057503296],[0.13444905263821036],[0.9759823771842696],[0.8584048026926936],[0.025297930159652],[0.13841330479216127],[0.9775111431659477],tcNF-base#aneo_grid1_0.00_timeFalse#quadratic#bn4rgsak71,../results/TFselfopt_simple_impute_v1_aneo_cc_re3-aneo_with_noise/tcNF-base#aneo_grid1_0.00_timeFalse#quadratic#bn4rgsak71/*overview.png,../results/TFselfopt_simple_impute_v1_aneo_cc_re3-aneo_with_noise/tcNF-base#aneo_grid1_0.00_timeFalse#quadratic#bn4rgsak71/*latent_space.png,../results/TFselfopt_simple_impute_v1_aneo_cc_re3-aneo_with_noise/tcNF-base#aneo_grid1_0.00_timeFalse#quadratic#bn4rgsak71/*roc_curve.png,"{'coupling_stabilizer': 'tanh+bias', 'st_linear': True, 'batch_norm': 'none', 'input_embedding': 'none', 'coupling_layers': 9, 'input_embedding_type': 0, 'seed': 88, 'hidden_multiplier': 48, 'st_net_layers': 4, 'st_dropout': 0.7, 'st_funnel_factor': 10, 'past': 105, 'input_shape': [16246, 2], 'hist_shape': [16246, 105, 2]}",TFselfopt_simple_impute_v1_aneo_cc_re3-aneo_with_noise,simple_impute_v1_aneo,23132197,../results/TFselfopt_simple_impute_v1_aneo_cc_re3-aneo_with_noise/tcNF-base#aneo_grid1_0.00_timeFalse#quadratic#bn4rgsak71/
aneo_with_noise,aneo_grid1_0.00_timeFalse,tcNF-base,142,cubicspline,0.98,0.98,0.98,0.93,0.5,[0.9772187007904496],[0.9784579689627767],[0.9778034065026747],[0.9300821770173784],[0.4956309247364665],[0.2360053100285774],[0.0318351826127005],[0.16879638904111402],[0.9778034065026747],[0.8041900987149592],[0.03503890810252954],[0.18578317063872848],[0.9781697573522338],tcNF-base#aneo_grid1_0.00_timeFalse#cubicspline#bxuzp9q5vj,../results/TFselfopt_simple_impute_v1_aneo_cc_re3-aneo_with_noise/tcNF-base#aneo_grid1_0.00_timeFalse#cubicspline#bxuzp9q5vj/*overview.png,../results/TFselfopt_simple_impute_v1_aneo_cc_re3-aneo_with_noise/tcNF-base#aneo_grid1_0.00_timeFalse#cubicspline#bxuzp9q5vj/*latent_space.png,../results/TFselfopt_simple_impute_v1_aneo_cc_re3-aneo_with_noise/tcNF-base#aneo_grid1_0.00_timeFalse#cubicspline#bxuzp9q5vj/*roc_curve.png,"{'coupling_stabilizer': 'tanh+bias', 'st_linear': True, 'batch_norm': 'none', 'input_embedding': 'none', 'coupling_layers': 15, 'input_embedding_type': 0, 'seed': 36, 'hidden_multiplier': 10, 'st_net_layers': 4, 'st_dropout': 0.4, 'st_funnel_factor': 10, 'past': 142, 'input_shape': [16246, 2], 'hist_shape': [16246, 142, 2]}",TFselfopt_simple_impute_v1_aneo_cc_re3-aneo_with_noise,simple_impute_v1_aneo,23132197,../results/TFselfopt_simple_impute_v1_aneo_cc_re3-aneo_with_noise/tcNF-base#aneo_grid1_0.00_timeFalse#cubicspline#bxuzp9q5vj/
aneo_with_noise,aneo_grid1_0.00_timeFalse,tcNF-base,145,nearest,0.97,0.97,0.97,0.92,0.53,[0.9685460190245195],[0.9710873638431704],[0.9702498066964375],[0.9205209994683679],[0.5283459195892825],[0.20385654117549248],[0.025411043205263707],[0.13535667335414384],[0.9702498066964375],[0.8394760082475644],[0.029562926690098246],[0.1574724571148358],[0.9729861735282498],tcNF-base#aneo_grid1_0.00_timeFalse#nearest#irumyk0az9,../results/TFselfopt_simple_impute_v1_aneo_cc_re3-aneo_with_noise/tcNF-base#aneo_grid1_0.00_timeFalse#nearest#irumyk0az9/*overview.png,../results/TFselfopt_simple_impute_v1_aneo_cc_re3-aneo_with_noise/tcNF-base#aneo_grid1_0.00_timeFalse#nearest#irumyk0az9/*latent_space.png,../results/TFselfopt_simple_impute_v1_aneo_cc_re3-aneo_with_noise/tcNF-base#aneo_grid1_0.00_timeFalse#nearest#irumyk0az9/*roc_curve.png,"{'coupling_stabilizer': 'tanh+bias', 'st_linear': True, 'batch_norm': 'none', 'input_embedding': 'none', 'coupling_layers': 12, 'input_embedding_type': 0, 'seed': 63, 'hidden_multiplier': 50, 'st_net_layers': 3, 'st_dropout': 0.9, 'st_funnel_factor': 7, 'past': 145, 'input_shape': [16246, 2], 'hist_shape': [16246, 145, 2]}",TFselfopt_simple_impute_v1_aneo_cc_re3-aneo_with_noise,simple_impute_v1_aneo,23132197,../results/TFselfopt_simple_impute_v1_aneo_cc_re3-aneo_with_noise/tcNF-base#aneo_grid1_0.00_timeFalse#nearest#irumyk0az9/
aneo_with_noise,aneo_grid1_0.00_timeFalse,tcNF-base,147,cubic,0.98,0.98,0.98,0.93,0.44,[0.9811714922626842],[0.9834271611138238],[0.9829875954931413],[0.9327614831211953],[0.4377971023572034],[0.19990198786946042],[0.024750355091391497],[0.1330414140321718],[0.9829875954931413],[0.8497156865288608],[0.028246778633513974],[0.15183585679397044],[0.9829875954931413],tcNF-base#aneo_grid1_0.00_timeFalse#cubic#5xbkl68fs3,../results/TFselfopt_simple_impute_v1_aneo_cc_re3-aneo_with_noise/tcNF-base#aneo_grid1_0.00_timeFalse#cubic#5xbkl68fs3/*overview.png,../results/TFselfopt_simple_impute_v1_aneo_cc_re3-aneo_with_noise/tcNF-base#aneo_grid1_0.00_timeFalse#cubic#5xbkl68fs3/*latent_space.png,../results/TFselfopt_simple_impute_v1_aneo_cc_re3-aneo_with_noise/tcNF-base#aneo_grid1_0.00_timeFalse#cubic#5xbkl68fs3/*roc_curve.png,"{'coupling_stabilizer': 'tanh+bias', 'st_linear': True, 'batch_norm': 'none', 'input_embedding': 'none', 'coupling_layers': 12, 'input_embedding_type': 0, 'seed': 62, 'hidden_multiplier': 29, 'st_net_layers': 3, 'st_dropout': 0.7, 'st_funnel_factor': 3, 'past': 147, 'input_shape': [16246, 2], 'hist_shape': [16246, 147, 2]}",TFselfopt_simple_impute_v1_aneo_cc_re3-aneo_with_noise,simple_impute_v1_aneo,23132197,../results/TFselfopt_simple_impute_v1_aneo_cc_re3-aneo_with_noise/tcNF-base#aneo_grid1_0.00_timeFalse#cubic#5xbkl68fs3/
aneo_with_noise,aneo_grid1_0.00_timeFalse,tcNF-base,106,slinear,0.97,0.97,0.97,0.92,0.58,[0.9678913214596427],[0.9697969132658224],[0.9689300898899673],[0.9202470830473576],[0.5781154609677412],[0.230183674265784],[0.0274610885910741],[0.14959397539431757],[0.9689300898899673],[0.8118702366945306],[0.0337979456973262],[0.18411393416747796],[0.9755057547733571],tcNF-base#aneo_grid1_0.00_timeFalse#slinear#htbnv36apr,../results/TFselfopt_simple_impute_v1_aneo_cc_re3-aneo_with_noise/tcNF-base#aneo_grid1_0.00_timeFalse#slinear#htbnv36apr/*overview.png,../results/TFselfopt_simple_impute_v1_aneo_cc_re3-aneo_with_noise/tcNF-base#aneo_grid1_0.00_timeFalse#slinear#htbnv36apr/*latent_space.png,../results/TFselfopt_simple_impute_v1_aneo_cc_re3-aneo_with_noise/tcNF-base#aneo_grid1_0.00_timeFalse#slinear#htbnv36apr/*roc_curve.png,"{'coupling_stabilizer': 'tanh+bias', 'st_linear': True, 'batch_norm': 'none', 'input_embedding': 'none', 'coupling_layers': 10, 'input_embedding_type': 0, 'seed': 45, 'hidden_multiplier': 39, 'st_net_layers': 6, 'st_dropout': 0.8, 'st_funnel_factor': 8, 'past': 106, 'input_shape': [16246, 2], 'hist_shape': [16246, 106, 2]}",TFselfopt_simple_impute_v1_aneo_cc_re3-aneo_with_noise,simple_impute_v1_aneo,23132197,../results/TFselfopt_simple_impute_v1_aneo_cc_re3-aneo_with_noise/tcNF-base#aneo_grid1_0.00_timeFalse#slinear#htbnv36apr/
aneo_with_noise,aneo_grid1_0.00_timeFalse,tcNF-cnn,105,slinear,0.82,0.84,0.83,0.81,0.67,[0.8243585156505987],[0.8423378387652436],[0.8346077464181021],[0.8071014857718459],[0.6659436629300408],[0.5526935851792724],[0.0379321697091233],[0.2102289964822247],[0.8346077464181021],[0.41248121714871905],[0.04506289909607805],[0.2497491740703064],[0.9658266002014118],tcNF-cnn#aneo_grid1_0.00_timeFalse#slinear#qek268ld3x,../results/TFselfopt_simple_impute_v1_aneo_cc_re3-aneo_with_noise/tcNF-cnn#aneo_grid1_0.00_timeFalse#slinear#qek268ld3x/*overview.png,../results/TFselfopt_simple_impute_v1_aneo_cc_re3-aneo_with_noise/tcNF-cnn#aneo_grid1_0.00_timeFalse#slinear#qek268ld3x/*latent_space.png,../results/TFselfopt_simple_impute_v1_aneo_cc_re3-aneo_with_noise/tcNF-cnn#aneo_grid1_0.00_timeFalse#slinear#qek268ld3x/*roc_curve.png,"{'coupling_stabilizer': 'tanh+bias', 'st_linear': True, 'batch_norm': 'none', 'input_embedding': 'none', 'coupling_layers': 9, 'input_embedding_type': 0, 'seed': 88, 'hidden_multiplier': 39, 'st_net_layers': 7, 'st_dropout': 0.7, 'st_funnel_factor': 7, 'past': 105, 'encoder_layers': 1, 'encoder_size': 6, 'encoder_dropout': 0.7, 'encoder_channel_depth': 2, 'input_shape': [16246, 2], 'hist_shape': [16246, 105, 2]}",TFselfopt_simple_impute_v1_aneo_cc_re3-aneo_with_noise,simple_impute_v1_aneo,23132206,../results/TFselfopt_simple_impute_v1_aneo_cc_re3-aneo_with_noise/tcNF-cnn#aneo_grid1_0.00_timeFalse#slinear#qek268ld3x/
aneo_with_noise,aneo_grid1_0.00_timeFalse,tcNF-cnn,216,nearest,0.85,0.86,0.86,0.78,0.64,[0.8520627890325498],[0.8634397181756515],[0.8585721084717289],[0.780188409934342],[0.6431163936133105],[0.6728079742364244],[0.02978948772841305],[0.16084811472120686],[0.8585721084717289],[0.2489602882340382],[0.03332113807974775],[0.17991723420542216],[0.8585721084717289],tcNF-cnn#aneo_grid1_0.00_timeFalse#nearest#n6x0e13gtz,../results/TFselfopt_simple_impute_v1_aneo_cc_re3-aneo_with_noise/tcNF-cnn#aneo_grid1_0.00_timeFalse#nearest#n6x0e13gtz/*overview.png,../results/TFselfopt_simple_impute_v1_aneo_cc_re3-aneo_with_noise/tcNF-cnn#aneo_grid1_0.00_timeFalse#nearest#n6x0e13gtz/*latent_space.png,../results/TFselfopt_simple_impute_v1_aneo_cc_re3-aneo_with_noise/tcNF-cnn#aneo_grid1_0.00_timeFalse#nearest#n6x0e13gtz/*roc_curve.png,"{'coupling_stabilizer': 'tanh+bias', 'st_linear': True, 'batch_norm': 'none', 'input_embedding': 'none', 'coupling_layers': 8, 'input_embedding_type': 0, 'seed': 52, 'hidden_multiplier': 3, 'st_net_layers': 7, 'st_dropout': 0.9, 'st_funnel_factor': 7, 'past': 216, 'encoder_layers': 5, 'encoder_size': 6, 'encoder_dropout': 0.8, 'encoder_channel_depth': 4, 'input_shape': [16246, 2], 'hist_shape': [16246, 215, 2]}",TFselfopt_simple_impute_v1_aneo_cc_re3-aneo_with_noise,simple_impute_v1_aneo,23132206,../results/TFselfopt_simple_impute_v1_aneo_cc_re3-aneo_with_noise/tcNF-cnn#aneo_grid1_0.00_timeFalse#nearest#n6x0e13gtz/
aneo_with_noise,aneo_grid1_0.00_timeFalse,tcNF-cnn,101,quadratic,0.91,0.91,0.91,0.89,0.53,[0.9109270676537555],[0.9128186006818514],[0.9112255661184784],[0.8857181316462511],[0.5265985158660784],[0.48338151924341277],[0.04289510660556362],[0.23672526479518427],[0.9112255661184784],[0.47511569957033495],[0.047231017269171435],[0.2606538590147798],[0.9432941334822065],tcNF-cnn#aneo_grid1_0.00_timeFalse#quadratic#5tw2cdnvex,../results/TFselfopt_simple_impute_v1_aneo_cc_re3-aneo_with_noise/tcNF-cnn#aneo_grid1_0.00_timeFalse#quadratic#5tw2cdnvex/*overview.png,../results/TFselfopt_simple_impute_v1_aneo_cc_re3-aneo_with_noise/tcNF-cnn#aneo_grid1_0.00_timeFalse#quadratic#5tw2cdnvex/*latent_space.png,../results/TFselfopt_simple_impute_v1_aneo_cc_re3-aneo_with_noise/tcNF-cnn#aneo_grid1_0.00_timeFalse#quadratic#5tw2cdnvex/*roc_curve.png,"{'coupling_stabilizer': 'tanh+bias', 'st_linear': True, 'batch_norm': 'none', 'input_embedding': 'none', 'coupling_layers': 10, 'input_embedding_type': 0, 'seed': 90, 'hidden_multiplier': 2, 'st_net_layers': 5, 'st_dropout': 0.7, 'st_funnel_factor': 6, 'past': 101, 'encoder_layers': 1, 'encoder_size': 5, 'encoder_dropout': 0.1, 'encoder_channel_depth': 8, 'input_shape': [16246, 2], 'hist_shape': [16246, 101, 2]}",TFselfopt_simple_impute_v1_aneo_cc_re3-aneo_with_noise,simple_impute_v1_aneo,23132206,../results/TFselfopt_simple_impute_v1_aneo_cc_re3-aneo_with_noise/tcNF-cnn#aneo_grid1_0.00_timeFalse#quadratic#5tw2cdnvex/
aneo_with_noise,aneo_grid1_0.00_timeFalse,tcNF-cnn,176,cubicspline,0.9,0.91,0.91,0.88,0.66,[0.904906486422924],[0.9101110469065001],[0.906962845454823],[0.8810951760104303],[0.6596979459403162],[0.5428470730216304],[0.0445197246262399],[0.24882099420112086],[0.906962845454823],[0.40866482296480633],[0.04904657293553042],[0.274121575154208],[0.9242374141856752],tcNF-cnn#aneo_grid1_0.00_timeFalse#cubicspline#udj24qywr8,../results/TFselfopt_simple_impute_v1_aneo_cc_re3-aneo_with_noise/tcNF-cnn#aneo_grid1_0.00_timeFalse#cubicspline#udj24qywr8/*overview.png,../results/TFselfopt_simple_impute_v1_aneo_cc_re3-aneo_with_noise/tcNF-cnn#aneo_grid1_0.00_timeFalse#cubicspline#udj24qywr8/*latent_space.png,../results/TFselfopt_simple_impute_v1_aneo_cc_re3-aneo_with_noise/tcNF-cnn#aneo_grid1_0.00_timeFalse#cubicspline#udj24qywr8/*roc_curve.png,"{'coupling_stabilizer': 'tanh+bias', 'st_linear': True, 'batch_norm': 'none', 'input_embedding': 'none', 'coupling_layers': 10, 'input_embedding_type': 0, 'seed': 37, 'hidden_multiplier': 1, 'st_net_layers': 4, 'st_dropout': 0.8, 'st_funnel_factor': 3, 'past': 176, 'encoder_layers': 1, 'encoder_size': 5, 'encoder_dropout': 0.9, 'encoder_channel_depth': 6, 'input_shape': [16246, 2], 'hist_shape': [16246, 176, 2]}",TFselfopt_simple_impute_v1_aneo_cc_re3-aneo_with_noise,simple_impute_v1_aneo,23132206,../results/TFselfopt_simple_impute_v1_aneo_cc_re3-aneo_with_noise/tcNF-cnn#aneo_grid1_0.00_timeFalse#cubicspline#udj24qywr8/
aneo_with_noise,aneo_grid1_0.00_timeFalse,tcNF-cnn,182,cubic,0.76,0.79,0.78,0.82,0.57,[0.7628364871385092],[0.7924120455470196],[0.7810224970031685],[0.8200976306703179],[0.5731378331798546],[0.5627524918285678],[0.038492064843436494],[0.1983422443745103],[0.7810224970031685],[0.41515053857490203],[0.050569220824105546],[0.26057351808274304],[0.9363090126316705],tcNF-cnn#aneo_grid1_0.00_timeFalse#cubic#pqs6ec0wtf,../results/TFselfopt_simple_impute_v1_aneo_cc_re3-aneo_with_noise/tcNF-cnn#aneo_grid1_0.00_timeFalse#cubic#pqs6ec0wtf/*overview.png,../results/TFselfopt_simple_impute_v1_aneo_cc_re3-aneo_with_noise/tcNF-cnn#aneo_grid1_0.00_timeFalse#cubic#pqs6ec0wtf/*latent_space.png,../results/TFselfopt_simple_impute_v1_aneo_cc_re3-aneo_with_noise/tcNF-cnn#aneo_grid1_0.00_timeFalse#cubic#pqs6ec0wtf/*roc_curve.png,"{'coupling_stabilizer': 'tanh+bias', 'st_linear': True, 'batch_norm': 'none', 'input_embedding': 'none', 'coupling_layers': 9, 'input_embedding_type': 0, 'seed': 54, 'hidden_multiplier': 42, 'st_net_layers': 4, 'st_dropout': 0.9, 'st_funnel_factor': 2, 'past': 182, 'encoder_layers': 1, 'encoder_size': 6, 'encoder_dropout': 0.6, 'encoder_channel_depth': 8, 'input_shape': [16246, 2], 'hist_shape': [16246, 182, 2]}",TFselfopt_simple_impute_v1_aneo_cc_re3-aneo_with_noise,simple_impute_v1_aneo,23132206,../results/TFselfopt_simple_impute_v1_aneo_cc_re3-aneo_with_noise/tcNF-cnn#aneo_grid1_0.00_timeFalse#cubic#pqs6ec0wtf/
aneo_with_noise,aneo_grid1_0.00_timeFalse,tcNF-mlp,101,cubic,0.93,0.93,0.93,0.9,0.62,[0.9270323766672399],[0.9301480304344064],[0.9286560224632014],[0.897497982243745],[0.6163009103438883],[0.3646986147192563],[0.03419440425083284],[0.1903147509713322],[0.9286560224632014],[0.6298147208672619],[0.043923985548654655],[0.24446638432535361],[0.9636340252480857],tcNF-mlp#aneo_grid1_0.00_timeFalse#cubic#pa7fkqui61,../results/TFselfopt_simple_impute_v1_aneo_cc_re3-aneo_with_noise/tcNF-mlp#aneo_grid1_0.00_timeFalse#cubic#pa7fkqui61/*overview.png,../results/TFselfopt_simple_impute_v1_aneo_cc_re3-aneo_with_noise/tcNF-mlp#aneo_grid1_0.00_timeFalse#cubic#pa7fkqui61/*latent_space.png,../results/TFselfopt_simple_impute_v1_aneo_cc_re3-aneo_with_noise/tcNF-mlp#aneo_grid1_0.00_timeFalse#cubic#pa7fkqui61/*roc_curve.png,"{'coupling_stabilizer': 'tanh+bias', 'st_linear': True, 'batch_norm': 'none', 'input_embedding': 'none', 'coupling_layers': 13, 'input_embedding_type': 0, 'seed': 55, 'hidden_multiplier': 1, 'st_net_layers': 6, 'st_dropout': 0.6, 'st_funnel_factor': 6, 'past': 101, 'encoder_layers': 1, 'encoder_dropout': 0.9, 'encoder_compression_factor': 1, 'input_shape': [16246, 2], 'hist_shape': [16246, 101, 2]}",TFselfopt_simple_impute_v1_aneo_cc_re3-aneo_with_noise,simple_impute_v1_aneo,23132215,../results/TFselfopt_simple_impute_v1_aneo_cc_re3-aneo_with_noise/tcNF-mlp#aneo_grid1_0.00_timeFalse#cubic#pa7fkqui61/
aneo_with_noise,aneo_grid1_0.00_timeFalse,tcNF-mlp,209,quadratic,0.96,0.94,0.93,0.91,0.24,[0.95706196673743],[0.9383555575713461],[0.9283145753169928],[0.9088888888888889],[0.23552546073321487],[0.40439831004632176],[0.04615089863584721],[0.2378067493278503],[0.9283145753169928],[0.5870766828804109],[0.05844483148632603],[0.30115503276422917],[0.9667715067159385],tcNF-mlp#aneo_grid1_0.00_timeFalse#quadratic#28lsbp3fda,../results/TFselfopt_simple_impute_v1_aneo_cc_re3-aneo_with_noise/tcNF-mlp#aneo_grid1_0.00_timeFalse#quadratic#28lsbp3fda/*overview.png,../results/TFselfopt_simple_impute_v1_aneo_cc_re3-aneo_with_noise/tcNF-mlp#aneo_grid1_0.00_timeFalse#quadratic#28lsbp3fda/*latent_space.png,../results/TFselfopt_simple_impute_v1_aneo_cc_re3-aneo_with_noise/tcNF-mlp#aneo_grid1_0.00_timeFalse#quadratic#28lsbp3fda/*roc_curve.png,"{'coupling_stabilizer': 'tanh+bias', 'st_linear': True, 'batch_norm': 'none', 'input_embedding': 'none', 'coupling_layers': 9, 'input_embedding_type': 0, 'seed': 78, 'hidden_multiplier': 6, 'st_net_layers': 5, 'st_dropout': 0.2, 'st_funnel_factor': 4, 'past': 209, 'encoder_layers': 3, 'encoder_dropout': 0.4, 'encoder_compression_factor': 5, 'input_shape': [16246, 2], 'hist_shape': [16246, 209, 2]}",TFselfopt_simple_impute_v1_aneo_cc_re3-aneo_with_noise,simple_impute_v1_aneo,23132215,../results/TFselfopt_simple_impute_v1_aneo_cc_re3-aneo_with_noise/tcNF-mlp#aneo_grid1_0.00_timeFalse#quadratic#28lsbp3fda/
aneo_with_noise,aneo_grid1_0.00_timeFalse,tcNF-mlp,138,cubicspline,0.92,0.92,0.92,0.88,0.53,[0.9235935928772923],[0.9216683668543464],[0.9219029579763992],[0.8839659597460489],[0.5310212407878533],[0.3314930440372769],[0.03228540392744372],[0.1727613127849507],[0.9219029579763992],[0.6578978648503967],[0.04373449255577841],[0.23402613654455112],[0.9525267600595497],tcNF-mlp#aneo_grid1_0.00_timeFalse#cubicspline#9nt6lukqdm,../results/TFselfopt_simple_impute_v1_aneo_cc_re3-aneo_with_noise/tcNF-mlp#aneo_grid1_0.00_timeFalse#cubicspline#9nt6lukqdm/*overview.png,../results/TFselfopt_simple_impute_v1_aneo_cc_re3-aneo_with_noise/tcNF-mlp#aneo_grid1_0.00_timeFalse#cubicspline#9nt6lukqdm/*latent_space.png,../results/TFselfopt_simple_impute_v1_aneo_cc_re3-aneo_with_noise/tcNF-mlp#aneo_grid1_0.00_timeFalse#cubicspline#9nt6lukqdm/*roc_curve.png,"{'coupling_stabilizer': 'tanh+bias', 'st_linear': True, 'batch_norm': 'none', 'input_embedding': 'none', 'coupling_layers': 13, 'input_embedding_type': 0, 'seed': 71, 'hidden_multiplier': 2, 'st_net_layers': 8, 'st_dropout': 0.6, 'st_funnel_factor': 9, 'past': 138, 'encoder_layers': 1, 'encoder_dropout': 0.8, 'encoder_compression_factor': 8, 'input_shape': [16246, 2], 'hist_shape': [16246, 138, 2]}",TFselfopt_simple_impute_v1_aneo_cc_re3-aneo_with_noise,simple_impute_v1_aneo,23132215,../results/TFselfopt_simple_impute_v1_aneo_cc_re3-aneo_with_noise/tcNF-mlp#aneo_grid1_0.00_timeFalse#cubicspline#9nt6lukqdm/
aneo_with_noise,aneo_grid1_0.00_timeFalse,tcNF-mlp,147,nearest,0.96,0.96,0.96,0.91,0.58,[0.9616332580504366],[0.964856610407378],[0.9640341891288714],[0.9058530836715988],[0.583399652743123],[0.27614441959226815],[0.03495525272617639],[0.18619569008046563],[0.9640341891288714],[0.735059747479887],[0.042261761171229824],[0.2251151735887826],[0.9683714335995902],tcNF-mlp#aneo_grid1_0.00_timeFalse#nearest#6bzfu7pamy,../results/TFselfopt_simple_impute_v1_aneo_cc_re3-aneo_with_noise/tcNF-mlp#aneo_grid1_0.00_timeFalse#nearest#6bzfu7pamy/*overview.png,../results/TFselfopt_simple_impute_v1_aneo_cc_re3-aneo_with_noise/tcNF-mlp#aneo_grid1_0.00_timeFalse#nearest#6bzfu7pamy/*latent_space.png,../results/TFselfopt_simple_impute_v1_aneo_cc_re3-aneo_with_noise/tcNF-mlp#aneo_grid1_0.00_timeFalse#nearest#6bzfu7pamy/*roc_curve.png,"{'coupling_stabilizer': 'tanh+bias', 'st_linear': True, 'batch_norm': 'none', 'input_embedding': 'none', 'coupling_layers': 8, 'input_embedding_type': 0, 'seed': 98, 'hidden_multiplier': 24, 'st_net_layers': 4, 'st_dropout': 0.8, 'st_funnel_factor': 9, 'past': 147, 'encoder_layers': 1, 'encoder_dropout': 0.5, 'encoder_compression_factor': 1, 'input_shape': [16246, 2], 'hist_shape': [16246, 147, 2]}",TFselfopt_simple_impute_v1_aneo_cc_re3-aneo_with_noise,simple_impute_v1_aneo,23132215,../results/TFselfopt_simple_impute_v1_aneo_cc_re3-aneo_with_noise/tcNF-mlp#aneo_grid1_0.00_timeFalse#nearest#6bzfu7pamy/
aneo_with_noise,aneo_grid1_0.00_timeFalse,tcNF-mlp,151,slinear,0.93,0.94,0.93,0.86,0.64,[0.9293581536733576],[0.935554098341041],[0.9331301482786051],[0.8604943443653121],[0.6351332779830232],[0.34082803703742615],[0.039283493521576486],[0.2073222534021006],[0.9331301482786051],[0.6417155862161],[0.04886694061374999],[0.25789977765966016],[0.9678232550011369],tcNF-mlp#aneo_grid1_0.00_timeFalse#slinear#wrk9oc5dsl,../results/TFselfopt_simple_impute_v1_aneo_cc_re3-aneo_with_noise/tcNF-mlp#aneo_grid1_0.00_timeFalse#slinear#wrk9oc5dsl/*overview.png,../results/TFselfopt_simple_impute_v1_aneo_cc_re3-aneo_with_noise/tcNF-mlp#aneo_grid1_0.00_timeFalse#slinear#wrk9oc5dsl/*latent_space.png,../results/TFselfopt_simple_impute_v1_aneo_cc_re3-aneo_with_noise/tcNF-mlp#aneo_grid1_0.00_timeFalse#slinear#wrk9oc5dsl/*roc_curve.png,"{'coupling_stabilizer': 'tanh+bias', 'st_linear': True, 'batch_norm': 'none', 'input_embedding': 'none', 'coupling_layers': 13, 'input_embedding_type': 0, 'seed': 49, 'hidden_multiplier': 1, 'st_net_layers': 3, 'st_dropout': 0.7, 'st_funnel_factor': 10, 'past': 151, 'encoder_layers': 2, 'encoder_dropout': 0.8, 'encoder_compression_factor': 6, 'input_shape': [16246, 2], 'hist_shape': [16246, 151, 2]}",TFselfopt_simple_impute_v1_aneo_cc_re3-aneo_with_noise,simple_impute_v1_aneo,23132215,../results/TFselfopt_simple_impute_v1_aneo_cc_re3-aneo_with_noise/tcNF-mlp#aneo_grid1_0.00_timeFalse#slinear#wrk9oc5dsl/
aneo_with_noise,aneo_grid1_1.04_timeFalse,tcNF-base,101,slinear,0.9,0.91,0.86,0.89,0.26,[0.9035329397196998],[0.9130011434251033],[0.8591505926459506],[0.8925524222704266],[0.25535424152357805],[0.70107979170463],[0.024946180064804514],[0.13348864479598377],[0.8591505926459506],[0.21795261590775575],[0.025838278459128023],[0.13826232178274336],[0.8591505926459506],tcNF-base#aneo_grid1_1.04_timeFalse#slinear#iy6s9hcz5p,../results/TFselfopt_simple_impute_v1_aneo_cc_re3-aneo_with_noise/tcNF-base#aneo_grid1_1.04_timeFalse#slinear#iy6s9hcz5p/*overview.png,../results/TFselfopt_simple_impute_v1_aneo_cc_re3-aneo_with_noise/tcNF-base#aneo_grid1_1.04_timeFalse#slinear#iy6s9hcz5p/*latent_space.png,../results/TFselfopt_simple_impute_v1_aneo_cc_re3-aneo_with_noise/tcNF-base#aneo_grid1_1.04_timeFalse#slinear#iy6s9hcz5p/*roc_curve.png,"{'coupling_stabilizer': 'tanh+bias', 'st_linear': True, 'batch_norm': 'none', 'input_embedding': 'none', 'coupling_layers': 13, 'input_embedding_type': 0, 'seed': 30, 'hidden_multiplier': 26, 'st_net_layers': 2, 'st_dropout': 0.4, 'st_funnel_factor': 10, 'past': 101, 'input_shape': [26155, 2], 'hist_shape': [26155, 101, 2]}",TFselfopt_simple_impute_v1_aneo_cc_re3-aneo_with_noise,simple_impute_v1_aneo,23132198,../results/TFselfopt_simple_impute_v1_aneo_cc_re3-aneo_with_noise/tcNF-base#aneo_grid1_1.04_timeFalse#slinear#iy6s9hcz5p/
aneo_with_noise,aneo_grid1_1.04_timeFalse,tcNF-base,128,cubic,0.8,0.81,0.81,0.74,0.69,[0.7983525641588967],[0.8114530618982846],[0.8054464466871761],[0.7430253750175242],[0.6866277928592882],[0.584670261183621],[0.031174254951499208],[0.1727750451606364],[0.8054464466871761],[0.3510585995102247],[0.035323894298400535],[0.1957733213560632],[0.8054464466871761],tcNF-base#aneo_grid1_1.04_timeFalse#cubic#0de4uqy7xm,../results/TFselfopt_simple_impute_v1_aneo_cc_re3-aneo_with_noise/tcNF-base#aneo_grid1_1.04_timeFalse#cubic#0de4uqy7xm/*overview.png,../results/TFselfopt_simple_impute_v1_aneo_cc_re3-aneo_with_noise/tcNF-base#aneo_grid1_1.04_timeFalse#cubic#0de4uqy7xm/*latent_space.png,../results/TFselfopt_simple_impute_v1_aneo_cc_re3-aneo_with_noise/tcNF-base#aneo_grid1_1.04_timeFalse#cubic#0de4uqy7xm/*roc_curve.png,"{'coupling_stabilizer': 'tanh+bias', 'st_linear': True, 'batch_norm': 'none', 'input_embedding': 'none', 'coupling_layers': 14, 'input_embedding_type': 0, 'seed': 64, 'hidden_multiplier': 1, 'st_net_layers': 5, 'st_dropout': 0.7, 'st_funnel_factor': 10, 'past': 128, 'input_shape': [26155, 2], 'hist_shape': [26155, 128, 2]}",TFselfopt_simple_impute_v1_aneo_cc_re3-aneo_with_noise,simple_impute_v1_aneo,23132198,../results/TFselfopt_simple_impute_v1_aneo_cc_re3-aneo_with_noise/tcNF-base#aneo_grid1_1.04_timeFalse#cubic#0de4uqy7xm/
aneo_with_noise,aneo_grid1_1.04_timeFalse,tcNF-base,159,nearest,0.77,0.79,0.79,0.74,0.67,[0.7749106669462051],[0.7937721042031287],[0.7852874230589033],[0.7415974962579943],[0.6659787116824895],[0.6099287838130164],[0.030361349348861214],[0.16755520694325662],[0.7852874230589033],[0.32338032946836864],[0.034786743810915406],[0.19197763548472208],[0.7852874230589033],tcNF-base#aneo_grid1_1.04_timeFalse#nearest#r9ftganlo8,../results/TFselfopt_simple_impute_v1_aneo_cc_re3-aneo_with_noise/tcNF-base#aneo_grid1_1.04_timeFalse#nearest#r9ftganlo8/*overview.png,../results/TFselfopt_simple_impute_v1_aneo_cc_re3-aneo_with_noise/tcNF-base#aneo_grid1_1.04_timeFalse#nearest#r9ftganlo8/*latent_space.png,../results/TFselfopt_simple_impute_v1_aneo_cc_re3-aneo_with_noise/tcNF-base#aneo_grid1_1.04_timeFalse#nearest#r9ftganlo8/*roc_curve.png,"{'coupling_stabilizer': 'tanh+bias', 'st_linear': True, 'batch_norm': 'none', 'input_embedding': 'none', 'coupling_layers': 15, 'input_embedding_type': 0, 'seed': 48, 'hidden_multiplier': 15, 'st_net_layers': 8, 'st_dropout': 0.9, 'st_funnel_factor': 9, 'past': 159, 'input_shape': [26155, 2], 'hist_shape': [26155, 159, 2]}",TFselfopt_simple_impute_v1_aneo_cc_re3-aneo_with_noise,simple_impute_v1_aneo,23132198,../results/TFselfopt_simple_impute_v1_aneo_cc_re3-aneo_with_noise/tcNF-base#aneo_grid1_1.04_timeFalse#nearest#r9ftganlo8/
aneo_with_noise,aneo_grid1_1.04_timeFalse,tcNF-base,160,quadratic,0.94,0.94,0.93,0.89,0.27,[0.9408061337775819],[0.9381018277123921],[0.9279325545912367],[0.8923383651381372],[0.26970680467209723],[0.5678649881752366],[0.030424042859260206],[0.16933016577296325],[0.9279325545912367],[0.3222946173983441],[0.03294296368863394],[0.183349646470513],[0.9279325545912367],tcNF-base#aneo_grid1_1.04_timeFalse#quadratic#pt3w5uv082,../results/TFselfopt_simple_impute_v1_aneo_cc_re3-aneo_with_noise/tcNF-base#aneo_grid1_1.04_timeFalse#quadratic#pt3w5uv082/*overview.png,../results/TFselfopt_simple_impute_v1_aneo_cc_re3-aneo_with_noise/tcNF-base#aneo_grid1_1.04_timeFalse#quadratic#pt3w5uv082/*latent_space.png,../results/TFselfopt_simple_impute_v1_aneo_cc_re3-aneo_with_noise/tcNF-base#aneo_grid1_1.04_timeFalse#quadratic#pt3w5uv082/*roc_curve.png,"{'coupling_stabilizer': 'tanh+bias', 'st_linear': True, 'batch_norm': 'none', 'input_embedding': 'none', 'coupling_layers': 10, 'input_embedding_type': 0, 'seed': 91, 'hidden_multiplier': 18, 'st_net_layers': 6, 'st_dropout': 0.4, 'st_funnel_factor': 2, 'past': 160, 'input_shape': [26155, 2], 'hist_shape': [26155, 160, 2]}",TFselfopt_simple_impute_v1_aneo_cc_re3-aneo_with_noise,simple_impute_v1_aneo,23132198,../results/TFselfopt_simple_impute_v1_aneo_cc_re3-aneo_with_noise/tcNF-base#aneo_grid1_1.04_timeFalse#quadratic#pt3w5uv082/
aneo_with_noise,aneo_grid1_1.04_timeFalse,tcNF-base,100,cubicspline,0.71,0.74,0.73,0.78,0.64,[0.7098311344785205],[0.7394023682590197],[0.727713780606367],[0.7751162790697674],[0.6376747847047961],[0.538554031523508],[0.03363397246168502],[0.1807938205047436],[0.727713780606367],[0.39811050540596105],[0.03901347604202474],[0.20971044656836144],[0.7897437700431131],tcNF-base#aneo_grid1_1.04_timeFalse#cubicspline#u9o0ad1c6m,../results/TFselfopt_simple_impute_v1_aneo_cc_re3-aneo_with_noise/tcNF-base#aneo_grid1_1.04_timeFalse#cubicspline#u9o0ad1c6m/*overview.png,../results/TFselfopt_simple_impute_v1_aneo_cc_re3-aneo_with_noise/tcNF-base#aneo_grid1_1.04_timeFalse#cubicspline#u9o0ad1c6m/*latent_space.png,../results/TFselfopt_simple_impute_v1_aneo_cc_re3-aneo_with_noise/tcNF-base#aneo_grid1_1.04_timeFalse#cubicspline#u9o0ad1c6m/*roc_curve.png,"{'coupling_stabilizer': 'tanh+bias', 'st_linear': True, 'batch_norm': 'none', 'input_embedding': 'none', 'coupling_layers': 11, 'input_embedding_type': 0, 'seed': 50, 'hidden_multiplier': 14, 'st_net_layers': 4, 'st_dropout': 0.8, 'st_funnel_factor': 9, 'past': 100, 'input_shape': [26155, 2], 'hist_shape': [26155, 100, 2]}",TFselfopt_simple_impute_v1_aneo_cc_re3-aneo_with_noise,simple_impute_v1_aneo,23132198,../results/TFselfopt_simple_impute_v1_aneo_cc_re3-aneo_with_noise/tcNF-base#aneo_grid1_1.04_timeFalse#cubicspline#u9o0ad1c6m/
aneo_with_noise,aneo_grid1_1.04_timeFalse,tcNF-cnn,211,quadratic,0.84,0.85,0.84,0.83,0.64,[0.8372726081987635],[0.8487718069546765],[0.8422100479308599],[0.8292749285811454],[0.6402552633500914],[0.5403199442582195],[0.044253156638575555],[0.24629844180311278],[0.8422100479308599],[0.4055924034417991],[0.04932727346625777],[0.2745392987976097],[0.8552306192273424],tcNF-cnn#aneo_grid1_1.04_timeFalse#quadratic#6hl57mgn8i,../results/TFselfopt_simple_impute_v1_aneo_cc_re3-aneo_with_noise/tcNF-cnn#aneo_grid1_1.04_timeFalse#quadratic#6hl57mgn8i/*overview.png,../results/TFselfopt_simple_impute_v1_aneo_cc_re3-aneo_with_noise/tcNF-cnn#aneo_grid1_1.04_timeFalse#quadratic#6hl57mgn8i/*latent_space.png,../results/TFselfopt_simple_impute_v1_aneo_cc_re3-aneo_with_noise/tcNF-cnn#aneo_grid1_1.04_timeFalse#quadratic#6hl57mgn8i/*roc_curve.png,"{'coupling_stabilizer': 'tanh+bias', 'st_linear': True, 'batch_norm': 'none', 'input_embedding': 'none', 'coupling_layers': 10, 'input_embedding_type': 0, 'seed': 49, 'hidden_multiplier': 3, 'st_net_layers': 8, 'st_dropout': 0.8, 'st_funnel_factor': 7, 'past': 211, 'encoder_layers': 1, 'encoder_size': 7, 'encoder_dropout': 0.4, 'encoder_channel_depth': 5, 'input_shape': [26155, 2], 'hist_shape': [26155, 211, 2]}",TFselfopt_simple_impute_v1_aneo_cc_re3-aneo_with_noise,simple_impute_v1_aneo,23132207,../results/TFselfopt_simple_impute_v1_aneo_cc_re3-aneo_with_noise/tcNF-cnn#aneo_grid1_1.04_timeFalse#quadratic#6hl57mgn8i/
aneo_with_noise,aneo_grid1_1.04_timeFalse,tcNF-cnn,129,nearest,0.87,0.88,0.87,0.83,0.46,[0.8656898721278781],[0.8819315818015637],[0.8731896272842626],[0.8257721294517512],[0.4561635440066519],[0.5624081142438534],[0.031619466746072335],[0.1597024239546449],[0.8731896272842626],[0.3530771716553329],[0.037439422153453326],[0.18909763777437644],[0.8731896272842626],tcNF-cnn#aneo_grid1_1.04_timeFalse#nearest#g192kxruvo,../results/TFselfopt_simple_impute_v1_aneo_cc_re3-aneo_with_noise/tcNF-cnn#aneo_grid1_1.04_timeFalse#nearest#g192kxruvo/*overview.png,../results/TFselfopt_simple_impute_v1_aneo_cc_re3-aneo_with_noise/tcNF-cnn#aneo_grid1_1.04_timeFalse#nearest#g192kxruvo/*latent_space.png,../results/TFselfopt_simple_impute_v1_aneo_cc_re3-aneo_with_noise/tcNF-cnn#aneo_grid1_1.04_timeFalse#nearest#g192kxruvo/*roc_curve.png,"{'coupling_stabilizer': 'tanh+bias', 'st_linear': True, 'batch_norm': 'none', 'input_embedding': 'none', 'coupling_layers': 8, 'input_embedding_type': 0, 'seed': 36, 'hidden_multiplier': 48, 'st_net_layers': 5, 'st_dropout': 0.1, 'st_funnel_factor': 8, 'past': 129, 'encoder_layers': 2, 'encoder_size': 5, 'encoder_dropout': 0.2, 'encoder_channel_depth': 4, 'input_shape': [26155, 2], 'hist_shape': [26155, 129, 2]}",TFselfopt_simple_impute_v1_aneo_cc_re3-aneo_with_noise,simple_impute_v1_aneo,23132207,../results/TFselfopt_simple_impute_v1_aneo_cc_re3-aneo_with_noise/tcNF-cnn#aneo_grid1_1.04_timeFalse#nearest#g192kxruvo/
aneo_with_noise,aneo_grid1_1.04_timeFalse,tcNF-cnn,157,cubic,0.76,0.78,0.77,0.75,0.63,[0.7562099601908728],[0.7770149448225526],[0.7676058192820638],[0.750353334189901],[0.6277492389943091],[0.6582489596395437],[0.02301840147316843],[0.12373158564564182],[0.7676058192820638],[0.26691441992870124],[0.027713593248555282],[0.14896980750723254],[0.898258668860721],tcNF-cnn#aneo_grid1_1.04_timeFalse#cubic#axzdm2hf17,../results/TFselfopt_simple_impute_v1_aneo_cc_re3-aneo_with_noise/tcNF-cnn#aneo_grid1_1.04_timeFalse#cubic#axzdm2hf17/*overview.png,../results/TFselfopt_simple_impute_v1_aneo_cc_re3-aneo_with_noise/tcNF-cnn#aneo_grid1_1.04_timeFalse#cubic#axzdm2hf17/*latent_space.png,../results/TFselfopt_simple_impute_v1_aneo_cc_re3-aneo_with_noise/tcNF-cnn#aneo_grid1_1.04_timeFalse#cubic#axzdm2hf17/*roc_curve.png,"{'coupling_stabilizer': 'tanh+bias', 'st_linear': True, 'batch_norm': 'none', 'input_embedding': 'none', 'coupling_layers': 12, 'input_embedding_type': 0, 'seed': 38, 'hidden_multiplier': 1, 'st_net_layers': 5, 'st_dropout': 0.9, 'st_funnel_factor': 4, 'past': 157, 'encoder_layers': 6, 'encoder_size': 6, 'encoder_dropout': 0.3, 'encoder_channel_depth': 4, 'input_shape': [26155, 2], 'hist_shape': [26155, 157, 2]}",TFselfopt_simple_impute_v1_aneo_cc_re3-aneo_with_noise,simple_impute_v1_aneo,23132207,../results/TFselfopt_simple_impute_v1_aneo_cc_re3-aneo_with_noise/tcNF-cnn#aneo_grid1_1.04_timeFalse#cubic#axzdm2hf17/
aneo_with_noise,aneo_grid1_1.04_timeFalse,tcNF-cnn,133,cubicspline,0.76,0.78,0.77,0.8,0.63,[0.7604694070645404],[0.78291315530138],[0.7721120688480994],[0.796998031496063],[0.6306950408115695],[0.5771346925443597],[0.032148702135598756],[0.17665924422007784],[0.7721120688480994],[0.3556498515963501],[0.038769960008694565],[0.21304349409472867],[0.9013314572145946],tcNF-cnn#aneo_grid1_1.04_timeFalse#cubicspline#tzcouv5pxj,../results/TFselfopt_simple_impute_v1_aneo_cc_re3-aneo_with_noise/tcNF-cnn#aneo_grid1_1.04_timeFalse#cubicspline#tzcouv5pxj/*overview.png,../results/TFselfopt_simple_impute_v1_aneo_cc_re3-aneo_with_noise/tcNF-cnn#aneo_grid1_1.04_timeFalse#cubicspline#tzcouv5pxj/*latent_space.png,../results/TFselfopt_simple_impute_v1_aneo_cc_re3-aneo_with_noise/tcNF-cnn#aneo_grid1_1.04_timeFalse#cubicspline#tzcouv5pxj/*roc_curve.png,"{'coupling_stabilizer': 'tanh+bias', 'st_linear': True, 'batch_norm': 'none', 'input_embedding': 'none', 'coupling_layers': 13, 'input_embedding_type': 0, 'seed': 40, 'hidden_multiplier': 11, 'st_net_layers': 8, 'st_dropout': 0.9, 'st_funnel_factor': 5, 'past': 133, 'encoder_layers': 3, 'encoder_size': 5, 'encoder_dropout': 0.4, 'encoder_channel_depth': 10, 'input_shape': [26155, 2], 'hist_shape': [26155, 133, 2]}",TFselfopt_simple_impute_v1_aneo_cc_re3-aneo_with_noise,simple_impute_v1_aneo,23132207,../results/TFselfopt_simple_impute_v1_aneo_cc_re3-aneo_with_noise/tcNF-cnn#aneo_grid1_1.04_timeFalse#cubicspline#tzcouv5pxj/
aneo_with_noise,aneo_grid1_1.04_timeFalse,tcNF-cnn,127,slinear,0.95,0.92,0.91,0.92,0.1,[0.9482512314549434],[0.920175938130978],[0.9094070244757023],[0.9186271796291171],[0.09994313533913642],[0.5903223484389126],[0.027854813512071572],[0.15437792081885265],[0.9094070244757023],[0.32452833331655084],[0.03262446716899582],[0.18081246198937234],[0.9315782781933493],tcNF-cnn#aneo_grid1_1.04_timeFalse#slinear#cu0brfxa54,../results/TFselfopt_simple_impute_v1_aneo_cc_re3-aneo_with_noise/tcNF-cnn#aneo_grid1_1.04_timeFalse#slinear#cu0brfxa54/*overview.png,../results/TFselfopt_simple_impute_v1_aneo_cc_re3-aneo_with_noise/tcNF-cnn#aneo_grid1_1.04_timeFalse#slinear#cu0brfxa54/*latent_space.png,../results/TFselfopt_simple_impute_v1_aneo_cc_re3-aneo_with_noise/tcNF-cnn#aneo_grid1_1.04_timeFalse#slinear#cu0brfxa54/*roc_curve.png,"{'coupling_stabilizer': 'tanh+bias', 'st_linear': True, 'batch_norm': 'none', 'input_embedding': 'none', 'coupling_layers': 15, 'input_embedding_type': 0, 'seed': 81, 'hidden_multiplier': 34, 'st_net_layers': 7, 'st_dropout': 0.2, 'st_funnel_factor': 4, 'past': 127, 'encoder_layers': 1, 'encoder_size': 6, 'encoder_dropout': 0.1, 'encoder_channel_depth': 7, 'input_shape': [26155, 2], 'hist_shape': [26155, 127, 2]}",TFselfopt_simple_impute_v1_aneo_cc_re3-aneo_with_noise,simple_impute_v1_aneo,23132207,../results/TFselfopt_simple_impute_v1_aneo_cc_re3-aneo_with_noise/tcNF-cnn#aneo_grid1_1.04_timeFalse#slinear#cu0brfxa54/
aneo_with_noise,aneo_grid1_1.04_timeFalse,tcNF-mlp,147,slinear,0.88,0.9,0.89,0.85,0.52,[0.8826099437868177],[0.8958859787549257],[0.8910788875861707],[0.8504240555127217],[0.5159844276011722],[0.4614871308903534],[0.03443454542290007],[0.1884027349637111],[0.8910788875861707],[0.5191508545087542],[0.040246250230210605],[0.22020048536383346],[0.9450607238742308],tcNF-mlp#aneo_grid1_1.04_timeFalse#slinear#05n2plg9s3,../results/TFselfopt_simple_impute_v1_aneo_cc_re3-aneo_with_noise/tcNF-mlp#aneo_grid1_1.04_timeFalse#slinear#05n2plg9s3/*overview.png,../results/TFselfopt_simple_impute_v1_aneo_cc_re3-aneo_with_noise/tcNF-mlp#aneo_grid1_1.04_timeFalse#slinear#05n2plg9s3/*latent_space.png,../results/TFselfopt_simple_impute_v1_aneo_cc_re3-aneo_with_noise/tcNF-mlp#aneo_grid1_1.04_timeFalse#slinear#05n2plg9s3/*roc_curve.png,"{'coupling_stabilizer': 'tanh+bias', 'st_linear': True, 'batch_norm': 'none', 'input_embedding': 'none', 'coupling_layers': 8, 'input_embedding_type': 0, 'seed': 39, 'hidden_multiplier': 45, 'st_net_layers': 4, 'st_dropout': 0.7, 'st_funnel_factor': 5, 'past': 147, 'encoder_layers': 1, 'encoder_dropout': 0.7, 'encoder_compression_factor': 10, 'input_shape': [26155, 2], 'hist_shape': [26155, 147, 2]}",TFselfopt_simple_impute_v1_aneo_cc_re3-aneo_with_noise,simple_impute_v1_aneo,23132216,../results/TFselfopt_simple_impute_v1_aneo_cc_re3-aneo_with_noise/tcNF-mlp#aneo_grid1_1.04_timeFalse#slinear#05n2plg9s3/
aneo_with_noise,aneo_grid1_1.04_timeFalse,tcNF-mlp,110,nearest,0.76,0.78,0.77,0.83,0.61,[0.7615873936508774],[0.7803996750329962],[0.770581300409292],[0.8267484662576687],[0.612516323709921],[0.49542866471113534],[0.03745400567305439],[0.19109186567884892],[0.770581300409292],[0.4529828543800363],[0.0455908024615269],[0.23260613500779032],[0.922757630657482],tcNF-mlp#aneo_grid1_1.04_timeFalse#nearest#wj80ry6dqa,../results/TFselfopt_simple_impute_v1_aneo_cc_re3-aneo_with_noise/tcNF-mlp#aneo_grid1_1.04_timeFalse#nearest#wj80ry6dqa/*overview.png,../results/TFselfopt_simple_impute_v1_aneo_cc_re3-aneo_with_noise/tcNF-mlp#aneo_grid1_1.04_timeFalse#nearest#wj80ry6dqa/*latent_space.png,../results/TFselfopt_simple_impute_v1_aneo_cc_re3-aneo_with_noise/tcNF-mlp#aneo_grid1_1.04_timeFalse#nearest#wj80ry6dqa/*roc_curve.png,"{'coupling_stabilizer': 'tanh+bias', 'st_linear': True, 'batch_norm': 'none', 'input_embedding': 'none', 'coupling_layers': 11, 'input_embedding_type': 0, 'seed': 30, 'hidden_multiplier': 6, 'st_net_layers': 4, 'st_dropout': 0.9, 'st_funnel_factor': 9, 'past': 110, 'encoder_layers': 2, 'encoder_dropout': 0.8, 'encoder_compression_factor': 4, 'input_shape': [26155, 2], 'hist_shape': [26155, 110, 2]}",TFselfopt_simple_impute_v1_aneo_cc_re3-aneo_with_noise,simple_impute_v1_aneo,23132216,../results/TFselfopt_simple_impute_v1_aneo_cc_re3-aneo_with_noise/tcNF-mlp#aneo_grid1_1.04_timeFalse#nearest#wj80ry6dqa/
aneo_with_noise,aneo_grid1_1.04_timeFalse,tcNF-mlp,104,cubic,0.89,0.9,0.9,0.82,0.69,[0.8945599214614005],[0.9029947927601414],[0.8995842371994494],[0.8242182302062542],[0.6907830523677838],[0.45596384891641384],[0.02951391947363619],[0.16287849490118944],[0.8995842371994494],[0.5350175186299349],[0.03410180963299934],[0.18819768859881264],[0.8995842371994494],tcNF-mlp#aneo_grid1_1.04_timeFalse#cubic#nczfglvh9o,../results/TFselfopt_simple_impute_v1_aneo_cc_re3-aneo_with_noise/tcNF-mlp#aneo_grid1_1.04_timeFalse#cubic#nczfglvh9o/*overview.png,../results/TFselfopt_simple_impute_v1_aneo_cc_re3-aneo_with_noise/tcNF-mlp#aneo_grid1_1.04_timeFalse#cubic#nczfglvh9o/*latent_space.png,../results/TFselfopt_simple_impute_v1_aneo_cc_re3-aneo_with_noise/tcNF-mlp#aneo_grid1_1.04_timeFalse#cubic#nczfglvh9o/*roc_curve.png,"{'coupling_stabilizer': 'tanh+bias', 'st_linear': True, 'batch_norm': 'none', 'input_embedding': 'none', 'coupling_layers': 8, 'input_embedding_type': 0, 'seed': 32, 'hidden_multiplier': 42, 'st_net_layers': 3, 'st_dropout': 0.9, 'st_funnel_factor': 8, 'past': 104, 'encoder_layers': 1, 'encoder_dropout': 0.9, 'encoder_compression_factor': 9, 'input_shape': [26155, 2], 'hist_shape': [26155, 104, 2]}",TFselfopt_simple_impute_v1_aneo_cc_re3-aneo_with_noise,simple_impute_v1_aneo,23132216,../results/TFselfopt_simple_impute_v1_aneo_cc_re3-aneo_with_noise/tcNF-mlp#aneo_grid1_1.04_timeFalse#cubic#nczfglvh9o/
aneo_with_noise,aneo_grid1_1.04_timeFalse,tcNF-mlp,100,quadratic,0.83,0.84,0.84,0.76,0.61,[0.8279940644101884],[0.842657667291537],[0.836852575232418],[0.764947633567546],[0.6143170837218559],[0.4467664002656842],[0.03387813366194417],[0.17111041461646406],[0.836852575232418],[0.5086222821770657],[0.04150640196054501],[0.20963898777825704],[0.9355153284216537],tcNF-mlp#aneo_grid1_1.04_timeFalse#quadratic#9wzbfvgstm,../results/TFselfopt_simple_impute_v1_aneo_cc_re3-aneo_with_noise/tcNF-mlp#aneo_grid1_1.04_timeFalse#quadratic#9wzbfvgstm/*overview.png,../results/TFselfopt_simple_impute_v1_aneo_cc_re3-aneo_with_noise/tcNF-mlp#aneo_grid1_1.04_timeFalse#quadratic#9wzbfvgstm/*latent_space.png,../results/TFselfopt_simple_impute_v1_aneo_cc_re3-aneo_with_noise/tcNF-mlp#aneo_grid1_1.04_timeFalse#quadratic#9wzbfvgstm/*roc_curve.png,"{'coupling_stabilizer': 'tanh+bias', 'st_linear': True, 'batch_norm': 'none', 'input_embedding': 'none', 'coupling_layers': 12, 'input_embedding_type': 0, 'seed': 95, 'hidden_multiplier': 22, 'st_net_layers': 2, 'st_dropout': 0.8, 'st_funnel_factor': 6, 'past': 100, 'encoder_layers': 1, 'encoder_dropout': 0.3, 'encoder_compression_factor': 14, 'input_shape': [26155, 2], 'hist_shape': [26155, 100, 2]}",TFselfopt_simple_impute_v1_aneo_cc_re3-aneo_with_noise,simple_impute_v1_aneo,23132216,../results/TFselfopt_simple_impute_v1_aneo_cc_re3-aneo_with_noise/tcNF-mlp#aneo_grid1_1.04_timeFalse#quadratic#9wzbfvgstm/
aneo_with_noise,aneo_grid1_1.04_timeFalse,tcNF-mlp,101,cubicspline,0.91,0.91,0.91,0.85,0.57,[0.908575094375627],[0.9128912474487629],[0.9117579340577815],[0.8513476722025592],[0.5688156234497098],[0.45146769278533055],[0.03298483221100419],[0.17408048849625696],[0.9117579340577815],[0.5385292839594945],[0.03985766717215411],[0.21035250770004077],[0.9328620870708187],tcNF-mlp#aneo_grid1_1.04_timeFalse#cubicspline#21qpz67vgb,../results/TFselfopt_simple_impute_v1_aneo_cc_re3-aneo_with_noise/tcNF-mlp#aneo_grid1_1.04_timeFalse#cubicspline#21qpz67vgb/*overview.png,../results/TFselfopt_simple_impute_v1_aneo_cc_re3-aneo_with_noise/tcNF-mlp#aneo_grid1_1.04_timeFalse#cubicspline#21qpz67vgb/*latent_space.png,../results/TFselfopt_simple_impute_v1_aneo_cc_re3-aneo_with_noise/tcNF-mlp#aneo_grid1_1.04_timeFalse#cubicspline#21qpz67vgb/*roc_curve.png,"{'coupling_stabilizer': 'tanh+bias', 'st_linear': True, 'batch_norm': 'none', 'input_embedding': 'none', 'coupling_layers': 8, 'input_embedding_type': 0, 'seed': 79, 'hidden_multiplier': 30, 'st_net_layers': 4, 'st_dropout': 0.8, 'st_funnel_factor': 9, 'past': 101, 'encoder_layers': 1, 'encoder_dropout': 0.3, 'encoder_compression_factor': 12, 'input_shape': [26155, 2], 'hist_shape': [26155, 101, 2]}",TFselfopt_simple_impute_v1_aneo_cc_re3-aneo_with_noise,simple_impute_v1_aneo,23132216,../results/TFselfopt_simple_impute_v1_aneo_cc_re3-aneo_with_noise/tcNF-mlp#aneo_grid1_1.04_timeFalse#cubicspline#21qpz67vgb/
aneo_with_noise,aneo_grid1_13.69_timeFalse,tcNF-base,121,nearest,0.97,0.97,0.96,0.94,0.19,[0.9738055692604741],[0.9657037802003738],[0.9557892403599106],[0.9403651115618661],[0.1922969793855661],[0.4631609940822176],[0.03485374108194482],[0.16681483312199927],[0.9557892403599106],[0.5169759548489051],[0.03908931525958757],[0.18708687789211842],[0.9557892403599106],tcNF-base#aneo_grid1_13.69_timeFalse#nearest#9lnq37i40k,../results/TFselfopt_simple_impute_v1_aneo_cc_re3-aneo_with_noise/tcNF-base#aneo_grid1_13.69_timeFalse#nearest#9lnq37i40k/*overview.png,../results/TFselfopt_simple_impute_v1_aneo_cc_re3-aneo_with_noise/tcNF-base#aneo_grid1_13.69_timeFalse#nearest#9lnq37i40k/*latent_space.png,../results/TFselfopt_simple_impute_v1_aneo_cc_re3-aneo_with_noise/tcNF-base#aneo_grid1_13.69_timeFalse#nearest#9lnq37i40k/*roc_curve.png,"{'coupling_stabilizer': 'tanh+bias', 'st_linear': True, 'batch_norm': 'none', 'input_embedding': 'none', 'coupling_layers': 9, 'input_embedding_type': 0, 'seed': 68, 'hidden_multiplier': 39, 'st_net_layers': 2, 'st_dropout': 0.1, 'st_funnel_factor': 2, 'past': 121, 'input_shape': [30115, 2], 'hist_shape': [30115, 121, 2]}",TFselfopt_simple_impute_v1_aneo_cc_re3-aneo_with_noise,simple_impute_v1_aneo,23132199,../results/TFselfopt_simple_impute_v1_aneo_cc_re3-aneo_with_noise/tcNF-base#aneo_grid1_13.69_timeFalse#nearest#9lnq37i40k/
aneo_with_noise,aneo_grid1_13.69_timeFalse,tcNF-base,132,cubicspline,0.5,0.52,0.51,0.0,0.0,[0.5],[0.5232438542001013],[0.5118274416611304],[0.0],[0],[0.4851556917966254],[7.122753468078642e-17],[1.6653345369377348e-16],[0.5118274416611304],[0.5068066943084956],[0.00442699729841791],[0.010350535827227081],[0.5118274416611304],tcNF-base#aneo_grid1_13.69_timeFalse#cubicspline#61whnetlgb,../results/TFselfopt_simple_impute_v1_aneo_cc_re3-aneo_with_noise/tcNF-base#aneo_grid1_13.69_timeFalse#cubicspline#61whnetlgb/*overview.png,../results/TFselfopt_simple_impute_v1_aneo_cc_re3-aneo_with_noise/tcNF-base#aneo_grid1_13.69_timeFalse#cubicspline#61whnetlgb/*latent_space.png,../results/TFselfopt_simple_impute_v1_aneo_cc_re3-aneo_with_noise/tcNF-base#aneo_grid1_13.69_timeFalse#cubicspline#61whnetlgb/*roc_curve.png,"{'coupling_stabilizer': 'tanh+bias', 'st_linear': True, 'batch_norm': 'none', 'input_embedding': 'none', 'coupling_layers': 9, 'input_embedding_type': 0, 'seed': 46, 'hidden_multiplier': 27, 'st_net_layers': 4, 'st_dropout': 0.3, 'st_funnel_factor': 4, 'past': 132, 'input_shape': [30115, 2], 'hist_shape': [30115, 132, 2]}",TFselfopt_simple_impute_v1_aneo_cc_re3-aneo_with_noise,simple_impute_v1_aneo,23132199,../results/TFselfopt_simple_impute_v1_aneo_cc_re3-aneo_with_noise/tcNF-base#aneo_grid1_13.69_timeFalse#cubicspline#61whnetlgb/
aneo_with_noise,aneo_grid1_13.69_timeFalse,tcNF-base,119,slinear,0.92,0.93,0.93,0.87,0.37,[0.9198874062468485],[0.9309122367491337],[0.9278626835821759],[0.8725121032813341],[0.3720516415671177],[0.4697947329062624],[0.025359336140713614],[0.13383623100084924],[0.9278626835821759],[0.5321381879054005],[0.03556852441311542],[0.18771616194126067],[0.9278626835821759],tcNF-base#aneo_grid1_13.69_timeFalse#slinear#suz39d7gmw,../results/TFselfopt_simple_impute_v1_aneo_cc_re3-aneo_with_noise/tcNF-base#aneo_grid1_13.69_timeFalse#slinear#suz39d7gmw/*overview.png,../results/TFselfopt_simple_impute_v1_aneo_cc_re3-aneo_with_noise/tcNF-base#aneo_grid1_13.69_timeFalse#slinear#suz39d7gmw/*latent_space.png,../results/TFselfopt_simple_impute_v1_aneo_cc_re3-aneo_with_noise/tcNF-base#aneo_grid1_13.69_timeFalse#slinear#suz39d7gmw/*roc_curve.png,"{'coupling_stabilizer': 'tanh+bias', 'st_linear': True, 'batch_norm': 'none', 'input_embedding': 'none', 'coupling_layers': 13, 'input_embedding_type': 0, 'seed': 35, 'hidden_multiplier': 31, 'st_net_layers': 5, 'st_dropout': 0.2, 'st_funnel_factor': 7, 'past': 119, 'input_shape': [30115, 2], 'hist_shape': [30115, 119, 2]}",TFselfopt_simple_impute_v1_aneo_cc_re3-aneo_with_noise,simple_impute_v1_aneo,23132199,../results/TFselfopt_simple_impute_v1_aneo_cc_re3-aneo_with_noise/tcNF-base#aneo_grid1_13.69_timeFalse#slinear#suz39d7gmw/
aneo_with_noise,aneo_grid1_13.69_timeFalse,tcNF-base,105,cubic,0.86,0.88,0.88,0.83,0.53,[0.8621628328464425],[0.8821316793487171],[0.8767866410976395],[0.8286872782564623],[0.5301566383527071],[0.47587965165338125],[0.03055107768342909],[0.1543062443036408],[0.8767866410976395],[0.5050478982461041],[0.03900407313890377],[0.1970003186458209],[0.877840000568072],tcNF-base#aneo_grid1_13.69_timeFalse#cubic#vas8qoxz35,../results/TFselfopt_simple_impute_v1_aneo_cc_re3-aneo_with_noise/tcNF-base#aneo_grid1_13.69_timeFalse#cubic#vas8qoxz35/*overview.png,../results/TFselfopt_simple_impute_v1_aneo_cc_re3-aneo_with_noise/tcNF-base#aneo_grid1_13.69_timeFalse#cubic#vas8qoxz35/*latent_space.png,../results/TFselfopt_simple_impute_v1_aneo_cc_re3-aneo_with_noise/tcNF-base#aneo_grid1_13.69_timeFalse#cubic#vas8qoxz35/*roc_curve.png,"{'coupling_stabilizer': 'tanh+bias', 'st_linear': True, 'batch_norm': 'none', 'input_embedding': 'none', 'coupling_layers': 14, 'input_embedding_type': 0, 'seed': 91, 'hidden_multiplier': 27, 'st_net_layers': 2, 'st_dropout': 0.3, 'st_funnel_factor': 10, 'past': 105, 'input_shape': [30115, 2], 'hist_shape': [30115, 105, 2]}",TFselfopt_simple_impute_v1_aneo_cc_re3-aneo_with_noise,simple_impute_v1_aneo,23132199,../results/TFselfopt_simple_impute_v1_aneo_cc_re3-aneo_with_noise/tcNF-base#aneo_grid1_13.69_timeFalse#cubic#vas8qoxz35/
aneo_with_noise,aneo_grid1_13.69_timeFalse,tcNF-base,101,quadratic,0.84,0.85,0.85,0.8,0.58,[0.8367649612726199],[0.8535809740294449],[0.8480294767800637],[0.7951775651946009],[0.5779146054470726],[0.4481194108133854],[0.024678453306012243],[0.13560973289596864],[0.8480294767800637],[0.5597797285219112],[0.034579198827433405],[0.19001498426979702],[0.949423591156905],tcNF-base#aneo_grid1_13.69_timeFalse#quadratic#gdialv941m,../results/TFselfopt_simple_impute_v1_aneo_cc_re3-aneo_with_noise/tcNF-base#aneo_grid1_13.69_timeFalse#quadratic#gdialv941m/*overview.png,../results/TFselfopt_simple_impute_v1_aneo_cc_re3-aneo_with_noise/tcNF-base#aneo_grid1_13.69_timeFalse#quadratic#gdialv941m/*latent_space.png,../results/TFselfopt_simple_impute_v1_aneo_cc_re3-aneo_with_noise/tcNF-base#aneo_grid1_13.69_timeFalse#quadratic#gdialv941m/*roc_curve.png,"{'coupling_stabilizer': 'tanh+bias', 'st_linear': True, 'batch_norm': 'none', 'input_embedding': 'none', 'coupling_layers': 12, 'input_embedding_type': 0, 'seed': 95, 'hidden_multiplier': 1, 'st_net_layers': 5, 'st_dropout': 0.2, 'st_funnel_factor': 8, 'past': 101, 'input_shape': [30115, 2], 'hist_shape': [30115, 101, 2]}",TFselfopt_simple_impute_v1_aneo_cc_re3-aneo_with_noise,simple_impute_v1_aneo,23132199,../results/TFselfopt_simple_impute_v1_aneo_cc_re3-aneo_with_noise/tcNF-base#aneo_grid1_13.69_timeFalse#quadratic#gdialv941m/
aneo_with_noise,aneo_grid1_13.69_timeFalse,tcNF-cnn,162,cubicspline,0.46,0.51,0.49,0.0,0.0,[0.46278447121820615],[0.5065336177358899],[0.48546851805979685],[0.0],[0],[0.4911425858585808],[0.005626985323429804],[0.02927766119068242],[0.48546851805979685],[0.5089874991140421],[0.0020411428375634675],[0.010620231794659455],[0.5233173282724188],tcNF-cnn#aneo_grid1_13.69_timeFalse#cubicspline#8thgofyxze,../results/TFselfopt_simple_impute_v1_aneo_cc_re3-aneo_with_noise/tcNF-cnn#aneo_grid1_13.69_timeFalse#cubicspline#8thgofyxze/*overview.png,../results/TFselfopt_simple_impute_v1_aneo_cc_re3-aneo_with_noise/tcNF-cnn#aneo_grid1_13.69_timeFalse#cubicspline#8thgofyxze/*latent_space.png,../results/TFselfopt_simple_impute_v1_aneo_cc_re3-aneo_with_noise/tcNF-cnn#aneo_grid1_13.69_timeFalse#cubicspline#8thgofyxze/*roc_curve.png,"{'coupling_stabilizer': 'tanh+bias', 'st_linear': True, 'batch_norm': 'none', 'input_embedding': 'none', 'coupling_layers': 13, 'input_embedding_type': 0, 'seed': 36, 'hidden_multiplier': 19, 'st_net_layers': 3, 'st_dropout': 0.5, 'st_funnel_factor': 1, 'past': 162, 'encoder_layers': 4, 'encoder_size': 5, 'encoder_dropout': 0.9, 'encoder_channel_depth': 5, 'input_shape': [30115, 2], 'hist_shape': [30115, 162, 2]}",TFselfopt_simple_impute_v1_aneo_cc_re3-aneo_with_noise,simple_impute_v1_aneo,23132208,../results/TFselfopt_simple_impute_v1_aneo_cc_re3-aneo_with_noise/tcNF-cnn#aneo_grid1_13.69_timeFalse#cubicspline#8thgofyxze/
aneo_with_noise,aneo_grid1_13.69_timeFalse,tcNF-cnn,211,nearest,0.91,0.91,0.9,0.88,0.1,[0.9146393221107835],[0.9141317046670132],[0.9009568395220283],[0.8839144784043622],[0.09756540654320754],[0.5390977085690798],[0.038122093368374216],[0.21217497028717225],[0.9009568395220283],[0.42325101259115366],[0.044279564233506284],[0.2464454177473675],[0.9009568395220283],tcNF-cnn#aneo_grid1_13.69_timeFalse#nearest#exuwqshb7p,../results/TFselfopt_simple_impute_v1_aneo_cc_re3-aneo_with_noise/tcNF-cnn#aneo_grid1_13.69_timeFalse#nearest#exuwqshb7p/*overview.png,../results/TFselfopt_simple_impute_v1_aneo_cc_re3-aneo_with_noise/tcNF-cnn#aneo_grid1_13.69_timeFalse#nearest#exuwqshb7p/*latent_space.png,../results/TFselfopt_simple_impute_v1_aneo_cc_re3-aneo_with_noise/tcNF-cnn#aneo_grid1_13.69_timeFalse#nearest#exuwqshb7p/*roc_curve.png,"{'coupling_stabilizer': 'tanh+bias', 'st_linear': True, 'batch_norm': 'none', 'input_embedding': 'none', 'coupling_layers': 9, 'input_embedding_type': 0, 'seed': 44, 'hidden_multiplier': 11, 'st_net_layers': 4, 'st_dropout': 0.8, 'st_funnel_factor': 4, 'past': 211, 'encoder_layers': 1, 'encoder_size': 6, 'encoder_dropout': 0.5, 'encoder_channel_depth': 10, 'input_shape': [30115, 2], 'hist_shape': [30115, 211, 2]}",TFselfopt_simple_impute_v1_aneo_cc_re3-aneo_with_noise,simple_impute_v1_aneo,23132208,../results/TFselfopt_simple_impute_v1_aneo_cc_re3-aneo_with_noise/tcNF-cnn#aneo_grid1_13.69_timeFalse#nearest#exuwqshb7p/
aneo_with_noise,aneo_grid1_13.69_timeFalse,tcNF-cnn,210,cubic,0.92,0.93,0.92,0.86,0.55,[0.9192630059678122],[0.9252772171259188],[0.918980843669954],[0.8589308996088657],[0.5453263545509799],[0.5299496681505225],[0.039144623585507105],[0.20946544681005028],[0.918980843669954],[0.45384850137160115],[0.04794309502967625],[0.25654664426421875],[0.9272904387029671],tcNF-cnn#aneo_grid1_13.69_timeFalse#cubic#st57z2843g,../results/TFselfopt_simple_impute_v1_aneo_cc_re3-aneo_with_noise/tcNF-cnn#aneo_grid1_13.69_timeFalse#cubic#st57z2843g/*overview.png,../results/TFselfopt_simple_impute_v1_aneo_cc_re3-aneo_with_noise/tcNF-cnn#aneo_grid1_13.69_timeFalse#cubic#st57z2843g/*latent_space.png,../results/TFselfopt_simple_impute_v1_aneo_cc_re3-aneo_with_noise/tcNF-cnn#aneo_grid1_13.69_timeFalse#cubic#st57z2843g/*roc_curve.png,"{'coupling_stabilizer': 'tanh+bias', 'st_linear': True, 'batch_norm': 'none', 'input_embedding': 'none', 'coupling_layers': 8, 'input_embedding_type': 0, 'seed': 55, 'hidden_multiplier': 42, 'st_net_layers': 3, 'st_dropout': 0.8, 'st_funnel_factor': 6, 'past': 210, 'encoder_layers': 1, 'encoder_size': 5, 'encoder_dropout': 0.4, 'encoder_channel_depth': 8, 'input_shape': [30115, 2], 'hist_shape': [30115, 210, 2]}",TFselfopt_simple_impute_v1_aneo_cc_re3-aneo_with_noise,simple_impute_v1_aneo,23132208,../results/TFselfopt_simple_impute_v1_aneo_cc_re3-aneo_with_noise/tcNF-cnn#aneo_grid1_13.69_timeFalse#cubic#st57z2843g/
aneo_with_noise,aneo_grid1_13.69_timeFalse,tcNF-cnn,181,quadratic,0.88,0.89,0.88,0.82,0.35,[0.8768367206452151],[0.891591351671159],[0.8809125914093903],[0.8185915492957746],[0.34706844950282717],[0.5483393198967933],[0.0358765539437632],[0.19629243833673468],[0.8809125914093903],[0.4443357637197408],[0.045345357730318246],[0.2480993812863963],[0.9143027688240728],tcNF-cnn#aneo_grid1_13.69_timeFalse#quadratic#og9yati30d,../results/TFselfopt_simple_impute_v1_aneo_cc_re3-aneo_with_noise/tcNF-cnn#aneo_grid1_13.69_timeFalse#quadratic#og9yati30d/*overview.png,../results/TFselfopt_simple_impute_v1_aneo_cc_re3-aneo_with_noise/tcNF-cnn#aneo_grid1_13.69_timeFalse#quadratic#og9yati30d/*latent_space.png,../results/TFselfopt_simple_impute_v1_aneo_cc_re3-aneo_with_noise/tcNF-cnn#aneo_grid1_13.69_timeFalse#quadratic#og9yati30d/*roc_curve.png,"{'coupling_stabilizer': 'tanh+bias', 'st_linear': True, 'batch_norm': 'none', 'input_embedding': 'none', 'coupling_layers': 14, 'input_embedding_type': 0, 'seed': 92, 'hidden_multiplier': 5, 'st_net_layers': 6, 'st_dropout': 0.4, 'st_funnel_factor': 10, 'past': 181, 'encoder_layers': 1, 'encoder_size': 6, 'encoder_dropout': 0.3, 'encoder_channel_depth': 7, 'input_shape': [30115, 2], 'hist_shape': [30115, 181, 2]}",TFselfopt_simple_impute_v1_aneo_cc_re3-aneo_with_noise,simple_impute_v1_aneo,23132208,../results/TFselfopt_simple_impute_v1_aneo_cc_re3-aneo_with_noise/tcNF-cnn#aneo_grid1_13.69_timeFalse#quadratic#og9yati30d/
aneo_with_noise,aneo_grid1_13.69_timeFalse,tcNF-cnn,182,slinear,0.96,0.93,0.88,0.92,0.19,[0.9553516765823322],[0.9310586576556988],[0.8775997769974081],[0.9167597765363128],[0.18736642160336184],[0.613926233260001],[0.027145230333780634],[0.14123883589073288],[0.8775997769974081],[0.34624857232435713],[0.03480934297248428],[0.18111583578779714],[0.8775997769974081],tcNF-cnn#aneo_grid1_13.69_timeFalse#slinear#vekq1ltay5,../results/TFselfopt_simple_impute_v1_aneo_cc_re3-aneo_with_noise/tcNF-cnn#aneo_grid1_13.69_timeFalse#slinear#vekq1ltay5/*overview.png,../results/TFselfopt_simple_impute_v1_aneo_cc_re3-aneo_with_noise/tcNF-cnn#aneo_grid1_13.69_timeFalse#slinear#vekq1ltay5/*latent_space.png,../results/TFselfopt_simple_impute_v1_aneo_cc_re3-aneo_with_noise/tcNF-cnn#aneo_grid1_13.69_timeFalse#slinear#vekq1ltay5/*roc_curve.png,"{'coupling_stabilizer': 'tanh+bias', 'st_linear': True, 'batch_norm': 'none', 'input_embedding': 'none', 'coupling_layers': 15, 'input_embedding_type': 0, 'seed': 45, 'hidden_multiplier': 41, 'st_net_layers': 4, 'st_dropout': 0.5, 'st_funnel_factor': 5, 'past': 182, 'encoder_layers': 1, 'encoder_size': 4, 'encoder_dropout': 0.6, 'encoder_channel_depth': 10, 'input_shape': [30115, 2], 'hist_shape': [30115, 182, 2]}",TFselfopt_simple_impute_v1_aneo_cc_re3-aneo_with_noise,simple_impute_v1_aneo,23132208,../results/TFselfopt_simple_impute_v1_aneo_cc_re3-aneo_with_noise/tcNF-cnn#aneo_grid1_13.69_timeFalse#slinear#vekq1ltay5/
aneo_with_noise,aneo_grid1_13.69_timeFalse,tcNF-mlp,140,cubicspline,0.5,0.52,0.51,0.0,0.0,[0.5],[0.5232438542001013],[0.5118274416611304],[0.0],[0],[0.48879124000637036],[0.006953946255672194],[0.016258665864934983],[0.5118274416611304],[0.5104113429001738],[0.003746736028883266],[0.008760051766008069],[0.5233173282724188],tcNF-mlp#aneo_grid1_13.69_timeFalse#cubicspline#zi4f52890k,../results/TFselfopt_simple_impute_v1_aneo_cc_re3-aneo_with_noise/tcNF-mlp#aneo_grid1_13.69_timeFalse#cubicspline#zi4f52890k/*overview.png,../results/TFselfopt_simple_impute_v1_aneo_cc_re3-aneo_with_noise/tcNF-mlp#aneo_grid1_13.69_timeFalse#cubicspline#zi4f52890k/*latent_space.png,../results/TFselfopt_simple_impute_v1_aneo_cc_re3-aneo_with_noise/tcNF-mlp#aneo_grid1_13.69_timeFalse#cubicspline#zi4f52890k/*roc_curve.png,"{'coupling_stabilizer': 'tanh+bias', 'st_linear': True, 'batch_norm': 'none', 'input_embedding': 'none', 'coupling_layers': 13, 'input_embedding_type': 0, 'seed': 59, 'hidden_multiplier': 36, 'st_net_layers': 4, 'st_dropout': 0.6, 'st_funnel_factor': 10, 'past': 140, 'encoder_layers': 4, 'encoder_dropout': 0.9, 'encoder_compression_factor': 4, 'input_shape': [30115, 2], 'hist_shape': [30115, 140, 2]}",TFselfopt_simple_impute_v1_aneo_cc_re3-aneo_with_noise,simple_impute_v1_aneo,23132217,../results/TFselfopt_simple_impute_v1_aneo_cc_re3-aneo_with_noise/tcNF-mlp#aneo_grid1_13.69_timeFalse#cubicspline#zi4f52890k/
aneo_with_noise,aneo_grid1_13.69_timeFalse,tcNF-mlp,101,nearest,0.8,0.81,0.81,0.78,0.66,[0.7998957170769145],[0.814682365761531],[0.8074235343436604],[0.7819801213372919],[0.6636188136589855],[0.5289807879524235],[0.03546204188458525],[0.1697262450316094],[0.8074235343436604],[0.435111910214566],[0.04004255020582809],[0.19164919239687447],[0.8557685210114827],tcNF-mlp#aneo_grid1_13.69_timeFalse#nearest#msb0zn6t7j,../results/TFselfopt_simple_impute_v1_aneo_cc_re3-aneo_with_noise/tcNF-mlp#aneo_grid1_13.69_timeFalse#nearest#msb0zn6t7j/*overview.png,../results/TFselfopt_simple_impute_v1_aneo_cc_re3-aneo_with_noise/tcNF-mlp#aneo_grid1_13.69_timeFalse#nearest#msb0zn6t7j/*latent_space.png,../results/TFselfopt_simple_impute_v1_aneo_cc_re3-aneo_with_noise/tcNF-mlp#aneo_grid1_13.69_timeFalse#nearest#msb0zn6t7j/*roc_curve.png,"{'coupling_stabilizer': 'tanh+bias', 'st_linear': True, 'batch_norm': 'none', 'input_embedding': 'none', 'coupling_layers': 12, 'input_embedding_type': 0, 'seed': 75, 'hidden_multiplier': 1, 'st_net_layers': 4, 'st_dropout': 0.8, 'st_funnel_factor': 3, 'past': 101, 'encoder_layers': 1, 'encoder_dropout': 0.3, 'encoder_compression_factor': 3, 'input_shape': [30115, 2], 'hist_shape': [30115, 101, 2]}",TFselfopt_simple_impute_v1_aneo_cc_re3-aneo_with_noise,simple_impute_v1_aneo,23132217,../results/TFselfopt_simple_impute_v1_aneo_cc_re3-aneo_with_noise/tcNF-mlp#aneo_grid1_13.69_timeFalse#nearest#msb0zn6t7j/
aneo_with_noise,aneo_grid1_13.69_timeFalse,tcNF-mlp,128,cubic,0.78,0.81,0.8,0.82,0.33,[0.7834849662273141],[0.8112842164549072],[0.8007276422760423],[0.8205654354765162],[0.33101886012340304],[0.5066464279481028],[0.0315015313036694],[0.1654735281516858],[0.8007276422760423],[0.4803263912251551],[0.03682221335731334],[0.19342239270378028],[0.824991845310768],tcNF-mlp#aneo_grid1_13.69_timeFalse#cubic#3b4rumlqts,../results/TFselfopt_simple_impute_v1_aneo_cc_re3-aneo_with_noise/tcNF-mlp#aneo_grid1_13.69_timeFalse#cubic#3b4rumlqts/*overview.png,../results/TFselfopt_simple_impute_v1_aneo_cc_re3-aneo_with_noise/tcNF-mlp#aneo_grid1_13.69_timeFalse#cubic#3b4rumlqts/*latent_space.png,../results/TFselfopt_simple_impute_v1_aneo_cc_re3-aneo_with_noise/tcNF-mlp#aneo_grid1_13.69_timeFalse#cubic#3b4rumlqts/*roc_curve.png,"{'coupling_stabilizer': 'tanh+bias', 'st_linear': True, 'batch_norm': 'none', 'input_embedding': 'none', 'coupling_layers': 12, 'input_embedding_type': 0, 'seed': 59, 'hidden_multiplier': 31, 'st_net_layers': 6, 'st_dropout': 0.9, 'st_funnel_factor': 3, 'past': 128, 'encoder_layers': 3, 'encoder_dropout': 0.4, 'encoder_compression_factor': 5, 'input_shape': [30115, 2], 'hist_shape': [30115, 128, 2]}",TFselfopt_simple_impute_v1_aneo_cc_re3-aneo_with_noise,simple_impute_v1_aneo,23132217,../results/TFselfopt_simple_impute_v1_aneo_cc_re3-aneo_with_noise/tcNF-mlp#aneo_grid1_13.69_timeFalse#cubic#3b4rumlqts/
aneo_with_noise,aneo_grid1_13.69_timeFalse,tcNF-mlp,161,quadratic,0.84,0.86,0.85,0.89,0.43,[0.8418239384546626],[0.8580833490681273],[0.848854234273296],[0.8873626373626373],[0.42594347032169333],[0.6148510066407931],[0.03489172476263896],[0.19007228348930347],[0.848854234273296],[0.3452013624600203],[0.034470999561825505],[0.18778038762619798],[0.848854234273296],tcNF-mlp#aneo_grid1_13.69_timeFalse#quadratic#knci3gp67b,../results/TFselfopt_simple_impute_v1_aneo_cc_re3-aneo_with_noise/tcNF-mlp#aneo_grid1_13.69_timeFalse#quadratic#knci3gp67b/*overview.png,../results/TFselfopt_simple_impute_v1_aneo_cc_re3-aneo_with_noise/tcNF-mlp#aneo_grid1_13.69_timeFalse#quadratic#knci3gp67b/*latent_space.png,../results/TFselfopt_simple_impute_v1_aneo_cc_re3-aneo_with_noise/tcNF-mlp#aneo_grid1_13.69_timeFalse#quadratic#knci3gp67b/*roc_curve.png,"{'coupling_stabilizer': 'tanh+bias', 'st_linear': True, 'batch_norm': 'none', 'input_embedding': 'none', 'coupling_layers': 12, 'input_embedding_type': 0, 'seed': 43, 'hidden_multiplier': 2, 'st_net_layers': 3, 'st_dropout': 0.2, 'st_funnel_factor': 5, 'past': 161, 'encoder_layers': 6, 'encoder_dropout': 0.1, 'encoder_compression_factor': 12, 'input_shape': [30115, 2], 'hist_shape': [30115, 161, 2]}",TFselfopt_simple_impute_v1_aneo_cc_re3-aneo_with_noise,simple_impute_v1_aneo,23132217,../results/TFselfopt_simple_impute_v1_aneo_cc_re3-aneo_with_noise/tcNF-mlp#aneo_grid1_13.69_timeFalse#quadratic#knci3gp67b/
aneo_with_noise,aneo_grid1_13.69_timeFalse,tcNF-mlp,122,slinear,0.86,0.87,0.86,0.87,0.59,[0.8594173714761097],[0.86919354186088],[0.863249262390958],[0.8721152620170853],[0.5919736275051465],[0.5197944789508461],[0.03583271363865101],[0.19943303947460442],[0.863249262390958],[0.436624888769043],[0.03813468994332066],[0.21224507865947895],[0.863249262390958],tcNF-mlp#aneo_grid1_13.69_timeFalse#slinear#06ivctabuy,../results/TFselfopt_simple_impute_v1_aneo_cc_re3-aneo_with_noise/tcNF-mlp#aneo_grid1_13.69_timeFalse#slinear#06ivctabuy/*overview.png,../results/TFselfopt_simple_impute_v1_aneo_cc_re3-aneo_with_noise/tcNF-mlp#aneo_grid1_13.69_timeFalse#slinear#06ivctabuy/*latent_space.png,../results/TFselfopt_simple_impute_v1_aneo_cc_re3-aneo_with_noise/tcNF-mlp#aneo_grid1_13.69_timeFalse#slinear#06ivctabuy/*roc_curve.png,"{'coupling_stabilizer': 'tanh+bias', 'st_linear': True, 'batch_norm': 'none', 'input_embedding': 'none', 'coupling_layers': 11, 'input_embedding_type': 0, 'seed': 53, 'hidden_multiplier': 4, 'st_net_layers': 6, 'st_dropout': 0.9, 'st_funnel_factor': 6, 'past': 122, 'encoder_layers': 3, 'encoder_dropout': 0.6, 'encoder_compression_factor': 7, 'input_shape': [30115, 2], 'hist_shape': [30115, 122, 2]}",TFselfopt_simple_impute_v1_aneo_cc_re3-aneo_with_noise,simple_impute_v1_aneo,23132217,../results/TFselfopt_simple_impute_v1_aneo_cc_re3-aneo_with_noise/tcNF-mlp#aneo_grid1_13.69_timeFalse#slinear#06ivctabuy/
aneo_with_noise,aneo_grid1_24.19_timeFalse,tcNF-base,200,cubic,0.95,0.96,0.95,0.9,0.69,[0.9493844503783603],[0.9576591089110152],[0.9536455247374965],[0.8996252676659529],[0.6869717167076076],[0.2699702757211331],[0.03741420400049107],[0.20735830883179565],[0.9536455247374965],[0.7450689540253185],[0.040743178550507166],[0.22580826791221242],[0.9536455247374965],tcNF-base#aneo_grid1_24.19_timeFalse#cubic#sfmhdtpo0x,../results/TFselfopt_simple_impute_v1_aneo_cc_re3-aneo_with_noise/tcNF-base#aneo_grid1_24.19_timeFalse#cubic#sfmhdtpo0x/*overview.png,../results/TFselfopt_simple_impute_v1_aneo_cc_re3-aneo_with_noise/tcNF-base#aneo_grid1_24.19_timeFalse#cubic#sfmhdtpo0x/*latent_space.png,../results/TFselfopt_simple_impute_v1_aneo_cc_re3-aneo_with_noise/tcNF-base#aneo_grid1_24.19_timeFalse#cubic#sfmhdtpo0x/*roc_curve.png,"{'coupling_stabilizer': 'tanh+bias', 'st_linear': True, 'batch_norm': 'none', 'input_embedding': 'none', 'coupling_layers': 15, 'input_embedding_type': 0, 'seed': 48, 'hidden_multiplier': 5, 'st_net_layers': 6, 'st_dropout': 0.7, 'st_funnel_factor': 7, 'past': 200, 'input_shape': [39018, 2], 'hist_shape': [39018, 200, 2]}",TFselfopt_simple_impute_v1_aneo_cc_re3-aneo_with_noise,simple_impute_v1_aneo,23132200,../results/TFselfopt_simple_impute_v1_aneo_cc_re3-aneo_with_noise/tcNF-base#aneo_grid1_24.19_timeFalse#cubic#sfmhdtpo0x/
aneo_with_noise,aneo_grid1_24.19_timeFalse,tcNF-base,156,nearest,0.93,0.94,0.94,0.87,0.41,[0.9338441606375486],[0.939555577946216],[0.9386472176041376],[0.8706293706293706],[0.4079382155780186],[0.24237260810498393],[0.015416237602265898],[0.08471324509606727],[0.9386472176041376],[0.825701170657272],[0.014747748715312349],[0.08103985445526853],[0.9460194918934833],tcNF-base#aneo_grid1_24.19_timeFalse#nearest#tcqwkol3ay,../results/TFselfopt_simple_impute_v1_aneo_cc_re3-aneo_with_noise/tcNF-base#aneo_grid1_24.19_timeFalse#nearest#tcqwkol3ay/*overview.png,../results/TFselfopt_simple_impute_v1_aneo_cc_re3-aneo_with_noise/tcNF-base#aneo_grid1_24.19_timeFalse#nearest#tcqwkol3ay/*latent_space.png,../results/TFselfopt_simple_impute_v1_aneo_cc_re3-aneo_with_noise/tcNF-base#aneo_grid1_24.19_timeFalse#nearest#tcqwkol3ay/*roc_curve.png,"{'coupling_stabilizer': 'tanh+bias', 'st_linear': True, 'batch_norm': 'none', 'input_embedding': 'none', 'coupling_layers': 11, 'input_embedding_type': 0, 'seed': 58, 'hidden_multiplier': 28, 'st_net_layers': 3, 'st_dropout': 0.6, 'st_funnel_factor': 7, 'past': 156, 'input_shape': [39018, 2], 'hist_shape': [39018, 156, 2]}",TFselfopt_simple_impute_v1_aneo_cc_re3-aneo_with_noise,simple_impute_v1_aneo,23132200,../results/TFselfopt_simple_impute_v1_aneo_cc_re3-aneo_with_noise/tcNF-base#aneo_grid1_24.19_timeFalse#nearest#tcqwkol3ay/
aneo_with_noise,aneo_grid1_24.19_timeFalse,tcNF-base,176,slinear,0.88,0.89,0.88,0.81,0.4,[0.8847625157292712],[0.8873855737862991],[0.8820022321656302],[0.8074219848186674],[0.4007572127044857],[0.26491192069766906],[0.016930624023965432],[0.09263301813870023],[0.8820022321656302],[0.8022821327742433],[0.015266436832146481],[0.08352770210854418],[0.9400384011405261],tcNF-base#aneo_grid1_24.19_timeFalse#slinear#o0b9naeqdv,../results/TFselfopt_simple_impute_v1_aneo_cc_re3-aneo_with_noise/tcNF-base#aneo_grid1_24.19_timeFalse#slinear#o0b9naeqdv/*overview.png,../results/TFselfopt_simple_impute_v1_aneo_cc_re3-aneo_with_noise/tcNF-base#aneo_grid1_24.19_timeFalse#slinear#o0b9naeqdv/*latent_space.png,../results/TFselfopt_simple_impute_v1_aneo_cc_re3-aneo_with_noise/tcNF-base#aneo_grid1_24.19_timeFalse#slinear#o0b9naeqdv/*roc_curve.png,"{'coupling_stabilizer': 'tanh+bias', 'st_linear': True, 'batch_norm': 'none', 'input_embedding': 'none', 'coupling_layers': 12, 'input_embedding_type': 0, 'seed': 100, 'hidden_multiplier': 49, 'st_net_layers': 8, 'st_dropout': 0.6, 'st_funnel_factor': 8, 'past': 176, 'input_shape': [39018, 2], 'hist_shape': [39018, 176, 2]}",TFselfopt_simple_impute_v1_aneo_cc_re3-aneo_with_noise,simple_impute_v1_aneo,23132200,../results/TFselfopt_simple_impute_v1_aneo_cc_re3-aneo_with_noise/tcNF-base#aneo_grid1_24.19_timeFalse#slinear#o0b9naeqdv/
aneo_with_noise,aneo_grid1_24.19_timeFalse,tcNF-base,175,cubicspline,0.5,0.52,0.51,0.0,0.0,[0.5],[0.5232438542001013],[0.5118274416611304],[0.0],[0],[0.4811001251429299],[0.003395368041900275],[0.013078809470998222],[0.5118274416611304],[0.5087326744860987],[0.0025288236815988706],[0.009740918424522096],[0.5233173282724188],tcNF-base#aneo_grid1_24.19_timeFalse#cubicspline#lrjo6p2qwz,../results/TFselfopt_simple_impute_v1_aneo_cc_re3-aneo_with_noise/tcNF-base#aneo_grid1_24.19_timeFalse#cubicspline#lrjo6p2qwz/*overview.png,../results/TFselfopt_simple_impute_v1_aneo_cc_re3-aneo_with_noise/tcNF-base#aneo_grid1_24.19_timeFalse#cubicspline#lrjo6p2qwz/*latent_space.png,../results/TFselfopt_simple_impute_v1_aneo_cc_re3-aneo_with_noise/tcNF-base#aneo_grid1_24.19_timeFalse#cubicspline#lrjo6p2qwz/*roc_curve.png,"{'coupling_stabilizer': 'tanh+bias', 'st_linear': True, 'batch_norm': 'none', 'input_embedding': 'none', 'coupling_layers': 11, 'input_embedding_type': 0, 'seed': 71, 'hidden_multiplier': 26, 'st_net_layers': 3, 'st_dropout': 0.3, 'st_funnel_factor': 6, 'past': 175, 'input_shape': [39018, 2], 'hist_shape': [39018, 175, 2]}",TFselfopt_simple_impute_v1_aneo_cc_re3-aneo_with_noise,simple_impute_v1_aneo,23132200,../results/TFselfopt_simple_impute_v1_aneo_cc_re3-aneo_with_noise/tcNF-base#aneo_grid1_24.19_timeFalse#cubicspline#lrjo6p2qwz/
aneo_with_noise,aneo_grid1_24.19_timeFalse,tcNF-base,169,quadratic,0.93,0.94,0.93,0.87,0.61,[0.9310515376081798],[0.9360253642862324],[0.9342151739718181],[0.8729766803840878],[0.6062076993967932],[0.24958305171662584],[0.03191006798825086],[0.17685309388553266],[0.9342151739718181],[0.7772855603974864],[0.034501626024989934],[0.19121611739742156],[0.9535172204452634],tcNF-base#aneo_grid1_24.19_timeFalse#quadratic#saqx4mpgbe,../results/TFselfopt_simple_impute_v1_aneo_cc_re3-aneo_with_noise/tcNF-base#aneo_grid1_24.19_timeFalse#quadratic#saqx4mpgbe/*overview.png,../results/TFselfopt_simple_impute_v1_aneo_cc_re3-aneo_with_noise/tcNF-base#aneo_grid1_24.19_timeFalse#quadratic#saqx4mpgbe/*latent_space.png,../results/TFselfopt_simple_impute_v1_aneo_cc_re3-aneo_with_noise/tcNF-base#aneo_grid1_24.19_timeFalse#quadratic#saqx4mpgbe/*roc_curve.png,"{'coupling_stabilizer': 'tanh+bias', 'st_linear': True, 'batch_norm': 'none', 'input_embedding': 'none', 'coupling_layers': 11, 'input_embedding_type': 0, 'seed': 74, 'hidden_multiplier': 12, 'st_net_layers': 7, 'st_dropout': 0.6, 'st_funnel_factor': 10, 'past': 169, 'input_shape': [39018, 2], 'hist_shape': [39018, 169, 2]}",TFselfopt_simple_impute_v1_aneo_cc_re3-aneo_with_noise,simple_impute_v1_aneo,23132200,../results/TFselfopt_simple_impute_v1_aneo_cc_re3-aneo_with_noise/tcNF-base#aneo_grid1_24.19_timeFalse#quadratic#saqx4mpgbe/
aneo_with_noise,aneo_grid1_24.19_timeFalse,tcNF-cnn,187,cubicspline,0.54,0.53,0.52,0.0,0.0,[0.5372155287817938],[0.534638791841884],[0.5233173282724188],[0.0],[0],[0.48237349527453877],[0.005971033130283913],[0.030767591115523442],[0.5233173282724188],[0.5084613604234239],[0.002341825839030033],[0.012066980421463131],[0.5233173282724188],tcNF-cnn#aneo_grid1_24.19_timeFalse#cubicspline#90hq3olwjy,../results/TFselfopt_simple_impute_v1_aneo_cc_re3-aneo_with_noise/tcNF-cnn#aneo_grid1_24.19_timeFalse#cubicspline#90hq3olwjy/*overview.png,../results/TFselfopt_simple_impute_v1_aneo_cc_re3-aneo_with_noise/tcNF-cnn#aneo_grid1_24.19_timeFalse#cubicspline#90hq3olwjy/*latent_space.png,../results/TFselfopt_simple_impute_v1_aneo_cc_re3-aneo_with_noise/tcNF-cnn#aneo_grid1_24.19_timeFalse#cubicspline#90hq3olwjy/*roc_curve.png,"{'coupling_stabilizer': 'tanh+bias', 'st_linear': True, 'batch_norm': 'none', 'input_embedding': 'none', 'coupling_layers': 10, 'input_embedding_type': 0, 'seed': 39, 'hidden_multiplier': 38, 'st_net_layers': 2, 'st_dropout': 0.6, 'st_funnel_factor': 7, 'past': 187, 'encoder_layers': 4, 'encoder_size': 5, 'encoder_dropout': 0.6, 'encoder_channel_depth': 6, 'input_shape': [39018, 2], 'hist_shape': [39018, 187, 2]}",TFselfopt_simple_impute_v1_aneo_cc_re3-aneo_with_noise,simple_impute_v1_aneo,23132209,../results/TFselfopt_simple_impute_v1_aneo_cc_re3-aneo_with_noise/tcNF-cnn#aneo_grid1_24.19_timeFalse#cubicspline#90hq3olwjy/
aneo_with_noise,aneo_grid1_24.19_timeFalse,tcNF-cnn,202,quadratic,0.97,0.96,0.96,0.9,0.42,[0.9650300692192548],[0.9648993868869428],[0.9623441534173989],[0.9020654770268371],[0.41936314005954933],[0.4368158626600029],[0.04268239638643367],[0.23352944304185533],[0.9623441534173989],[0.5699546172464464],[0.047159372053484847],[0.2580244508800448],[0.9623441534173989],tcNF-cnn#aneo_grid1_24.19_timeFalse#quadratic#fu7dcjgtas,../results/TFselfopt_simple_impute_v1_aneo_cc_re3-aneo_with_noise/tcNF-cnn#aneo_grid1_24.19_timeFalse#quadratic#fu7dcjgtas/*overview.png,../results/TFselfopt_simple_impute_v1_aneo_cc_re3-aneo_with_noise/tcNF-cnn#aneo_grid1_24.19_timeFalse#quadratic#fu7dcjgtas/*latent_space.png,../results/TFselfopt_simple_impute_v1_aneo_cc_re3-aneo_with_noise/tcNF-cnn#aneo_grid1_24.19_timeFalse#quadratic#fu7dcjgtas/*roc_curve.png,"{'coupling_stabilizer': 'tanh+bias', 'st_linear': True, 'batch_norm': 'none', 'input_embedding': 'none', 'coupling_layers': 11, 'input_embedding_type': 0, 'seed': 98, 'hidden_multiplier': 44, 'st_net_layers': 3, 'st_dropout': 0.7, 'st_funnel_factor': 8, 'past': 202, 'encoder_layers': 3, 'encoder_size': 4, 'encoder_dropout': 0.4, 'encoder_channel_depth': 8, 'input_shape': [39018, 2], 'hist_shape': [39018, 202, 2]}",TFselfopt_simple_impute_v1_aneo_cc_re3-aneo_with_noise,simple_impute_v1_aneo,23132209,../results/TFselfopt_simple_impute_v1_aneo_cc_re3-aneo_with_noise/tcNF-cnn#aneo_grid1_24.19_timeFalse#quadratic#fu7dcjgtas/
aneo_with_noise,aneo_grid1_24.19_timeFalse,tcNF-cnn,116,nearest,0.97,0.97,0.96,0.94,0.21,[0.9676202360761164],[0.9689660229482205],[0.9606589462791728],[0.9420270085936434],[0.20583310971945593],[0.2950836838599842],[0.028479329725661782],[0.1537739264487968],[0.9606589462791728],[0.7242351490567697],[0.037921790865591734],[0.20475842428685012],[0.9734123590127145],tcNF-cnn#aneo_grid1_24.19_timeFalse#nearest#6qe3no9tmw,../results/TFselfopt_simple_impute_v1_aneo_cc_re3-aneo_with_noise/tcNF-cnn#aneo_grid1_24.19_timeFalse#nearest#6qe3no9tmw/*overview.png,../results/TFselfopt_simple_impute_v1_aneo_cc_re3-aneo_with_noise/tcNF-cnn#aneo_grid1_24.19_timeFalse#nearest#6qe3no9tmw/*latent_space.png,../results/TFselfopt_simple_impute_v1_aneo_cc_re3-aneo_with_noise/tcNF-cnn#aneo_grid1_24.19_timeFalse#nearest#6qe3no9tmw/*roc_curve.png,"{'coupling_stabilizer': 'tanh+bias', 'st_linear': True, 'batch_norm': 'none', 'input_embedding': 'none', 'coupling_layers': 10, 'input_embedding_type': 0, 'seed': 69, 'hidden_multiplier': 30, 'st_net_layers': 7, 'st_dropout': 0.3, 'st_funnel_factor': 5, 'past': 116, 'encoder_layers': 2, 'encoder_size': 5, 'encoder_dropout': 0.4, 'encoder_channel_depth': 8, 'input_shape': [39018, 2], 'hist_shape': [39018, 116, 2]}",TFselfopt_simple_impute_v1_aneo_cc_re3-aneo_with_noise,simple_impute_v1_aneo,23132209,../results/TFselfopt_simple_impute_v1_aneo_cc_re3-aneo_with_noise/tcNF-cnn#aneo_grid1_24.19_timeFalse#nearest#6qe3no9tmw/
aneo_with_noise,aneo_grid1_24.19_timeFalse,tcNF-cnn,155,cubic,0.95,0.96,0.95,0.89,0.74,[0.9527888358686386],[0.9574535056151897],[0.954810164038746],[0.8938365462937823],[0.7424558366958595],[0.4094566424924929],[0.04125976868833808],[0.22476213211535562],[0.954810164038746],[0.6011009353973813],[0.043664924251846905],[0.23786419036019857],[0.954810164038746],tcNF-cnn#aneo_grid1_24.19_timeFalse#cubic#6vyz9rbuj7,../results/TFselfopt_simple_impute_v1_aneo_cc_re3-aneo_with_noise/tcNF-cnn#aneo_grid1_24.19_timeFalse#cubic#6vyz9rbuj7/*overview.png,../results/TFselfopt_simple_impute_v1_aneo_cc_re3-aneo_with_noise/tcNF-cnn#aneo_grid1_24.19_timeFalse#cubic#6vyz9rbuj7/*latent_space.png,../results/TFselfopt_simple_impute_v1_aneo_cc_re3-aneo_with_noise/tcNF-cnn#aneo_grid1_24.19_timeFalse#cubic#6vyz9rbuj7/*roc_curve.png,"{'coupling_stabilizer': 'tanh+bias', 'st_linear': True, 'batch_norm': 'none', 'input_embedding': 'none', 'coupling_layers': 10, 'input_embedding_type': 0, 'seed': 57, 'hidden_multiplier': 2, 'st_net_layers': 5, 'st_dropout': 0.3, 'st_funnel_factor': 1, 'past': 155, 'encoder_layers': 2, 'encoder_size': 4, 'encoder_dropout': 0.3, 'encoder_channel_depth': 4, 'input_shape': [39018, 2], 'hist_shape': [39018, 155, 2]}",TFselfopt_simple_impute_v1_aneo_cc_re3-aneo_with_noise,simple_impute_v1_aneo,23132209,../results/TFselfopt_simple_impute_v1_aneo_cc_re3-aneo_with_noise/tcNF-cnn#aneo_grid1_24.19_timeFalse#cubic#6vyz9rbuj7/
aneo_with_noise,aneo_grid1_24.19_timeFalse,tcNF-cnn,145,slinear,0.96,0.96,0.96,0.92,0.35,[0.9619023347741283],[0.964391348584716],[0.9616164202404351],[0.9227836034318398],[0.3537090641709103],[0.32246090514104425],[0.02833258466075126],[0.15702584077453433],[0.9616164202404351],[0.6797684402221905],[0.03742053289485437],[0.2073933850512959],[0.9647371925817034],tcNF-cnn#aneo_grid1_24.19_timeFalse#slinear#u0x2izn6c7,../results/TFselfopt_simple_impute_v1_aneo_cc_re3-aneo_with_noise/tcNF-cnn#aneo_grid1_24.19_timeFalse#slinear#u0x2izn6c7/*overview.png,../results/TFselfopt_simple_impute_v1_aneo_cc_re3-aneo_with_noise/tcNF-cnn#aneo_grid1_24.19_timeFalse#slinear#u0x2izn6c7/*latent_space.png,../results/TFselfopt_simple_impute_v1_aneo_cc_re3-aneo_with_noise/tcNF-cnn#aneo_grid1_24.19_timeFalse#slinear#u0x2izn6c7/*roc_curve.png,"{'coupling_stabilizer': 'tanh+bias', 'st_linear': True, 'batch_norm': 'none', 'input_embedding': 'none', 'coupling_layers': 11, 'input_embedding_type': 0, 'seed': 40, 'hidden_multiplier': 50, 'st_net_layers': 7, 'st_dropout': 0.6, 'st_funnel_factor': 8, 'past': 145, 'encoder_layers': 2, 'encoder_size': 7, 'encoder_dropout': 0.2, 'encoder_channel_depth': 7, 'input_shape': [39018, 2], 'hist_shape': [39018, 145, 2]}",TFselfopt_simple_impute_v1_aneo_cc_re3-aneo_with_noise,simple_impute_v1_aneo,23132209,../results/TFselfopt_simple_impute_v1_aneo_cc_re3-aneo_with_noise/tcNF-cnn#aneo_grid1_24.19_timeFalse#slinear#u0x2izn6c7/
aneo_with_noise,aneo_grid1_24.19_timeFalse,tcNF-mlp,189,slinear,0.96,0.96,0.96,0.9,0.5,[0.9579945707598552],[0.9615839609310886],[0.9578983306108705],[0.9010117582718075],[0.5026174376193685],[0.29425996799964527],[0.02992795199459576],[0.15646441357889038],[0.9578983306108705],[0.6831784582971624],[0.039557569650346375],[0.20680840236128417],[0.9578983306108705],tcNF-mlp#aneo_grid1_24.19_timeFalse#slinear#3t2xygel8r,../results/TFselfopt_simple_impute_v1_aneo_cc_re3-aneo_with_noise/tcNF-mlp#aneo_grid1_24.19_timeFalse#slinear#3t2xygel8r/*overview.png,../results/TFselfopt_simple_impute_v1_aneo_cc_re3-aneo_with_noise/tcNF-mlp#aneo_grid1_24.19_timeFalse#slinear#3t2xygel8r/*latent_space.png,../results/TFselfopt_simple_impute_v1_aneo_cc_re3-aneo_with_noise/tcNF-mlp#aneo_grid1_24.19_timeFalse#slinear#3t2xygel8r/*roc_curve.png,"{'coupling_stabilizer': 'tanh+bias', 'st_linear': True, 'batch_norm': 'none', 'input_embedding': 'none', 'coupling_layers': 10, 'input_embedding_type': 0, 'seed': 65, 'hidden_multiplier': 12, 'st_net_layers': 4, 'st_dropout': 0.1, 'st_funnel_factor': 1, 'past': 189, 'encoder_layers': 3, 'encoder_dropout': 0.8, 'encoder_compression_factor': 8, 'input_shape': [39018, 2], 'hist_shape': [39018, 189, 2]}",TFselfopt_simple_impute_v1_aneo_cc_re3-aneo_with_noise,simple_impute_v1_aneo,23132234,../results/TFselfopt_simple_impute_v1_aneo_cc_re3-aneo_with_noise/tcNF-mlp#aneo_grid1_24.19_timeFalse#slinear#3t2xygel8r/
aneo_with_noise,aneo_grid1_24.19_timeFalse,tcNF-mlp,168,cubicspline,0.54,0.53,0.52,0.0,0.0,[0.5372155287817938],[0.534638791841884],[0.5233173282724188],[0.0],[0],[0.483878827852102],[0.005511634787280633],[0.02826083881694564],[0.5233173282724188],[0.5109374564990611],[0.0021130826133346037],[0.010834804816921353],[0.5233173282724188],tcNF-mlp#aneo_grid1_24.19_timeFalse#cubicspline#ec16jnv8s5,../results/TFselfopt_simple_impute_v1_aneo_cc_re3-aneo_with_noise/tcNF-mlp#aneo_grid1_24.19_timeFalse#cubicspline#ec16jnv8s5/*overview.png,../results/TFselfopt_simple_impute_v1_aneo_cc_re3-aneo_with_noise/tcNF-mlp#aneo_grid1_24.19_timeFalse#cubicspline#ec16jnv8s5/*latent_space.png,../results/TFselfopt_simple_impute_v1_aneo_cc_re3-aneo_with_noise/tcNF-mlp#aneo_grid1_24.19_timeFalse#cubicspline#ec16jnv8s5/*roc_curve.png,"{'coupling_stabilizer': 'tanh+bias', 'st_linear': True, 'batch_norm': 'none', 'input_embedding': 'none', 'coupling_layers': 9, 'input_embedding_type': 0, 'seed': 56, 'hidden_multiplier': 20, 'st_net_layers': 2, 'st_dropout': 0.5, 'st_funnel_factor': 7, 'past': 168, 'encoder_layers': 2, 'encoder_dropout': 0.4, 'encoder_compression_factor': 12, 'input_shape': [39018, 2], 'hist_shape': [39018, 168, 2]}",TFselfopt_simple_impute_v1_aneo_cc_re3-aneo_with_noise,simple_impute_v1_aneo,23132234,../results/TFselfopt_simple_impute_v1_aneo_cc_re3-aneo_with_noise/tcNF-mlp#aneo_grid1_24.19_timeFalse#cubicspline#ec16jnv8s5/
aneo_with_noise,aneo_grid1_24.19_timeFalse,tcNF-mlp,137,quadratic,0.94,0.94,0.94,0.88,0.7,[0.94131972298907],[0.9432967451727564],[0.9417753700961892],[0.8809970517287591],[0.7038904368870607],[0.3408439461142413],[0.043205905676867246],[0.23432912107977483],[0.9417753700961892],[0.6451468272210875],[0.045481239875047014],[0.24666949572230165],[0.9453344167512617],tcNF-mlp#aneo_grid1_24.19_timeFalse#quadratic#9xa1bwf0ng,../results/TFselfopt_simple_impute_v1_aneo_cc_re3-aneo_with_noise/tcNF-mlp#aneo_grid1_24.19_timeFalse#quadratic#9xa1bwf0ng/*overview.png,../results/TFselfopt_simple_impute_v1_aneo_cc_re3-aneo_with_noise/tcNF-mlp#aneo_grid1_24.19_timeFalse#quadratic#9xa1bwf0ng/*latent_space.png,../results/TFselfopt_simple_impute_v1_aneo_cc_re3-aneo_with_noise/tcNF-mlp#aneo_grid1_24.19_timeFalse#quadratic#9xa1bwf0ng/*roc_curve.png,"{'coupling_stabilizer': 'tanh+bias', 'st_linear': True, 'batch_norm': 'none', 'input_embedding': 'none', 'coupling_layers': 13, 'input_embedding_type': 0, 'seed': 53, 'hidden_multiplier': 30, 'st_net_layers': 5, 'st_dropout': 0.6, 'st_funnel_factor': 2, 'past': 137, 'encoder_layers': 4, 'encoder_dropout': 0.5, 'encoder_compression_factor': 11, 'input_shape': [39018, 2], 'hist_shape': [39018, 137, 2]}",TFselfopt_simple_impute_v1_aneo_cc_re3-aneo_with_noise,simple_impute_v1_aneo,23132234,../results/TFselfopt_simple_impute_v1_aneo_cc_re3-aneo_with_noise/tcNF-mlp#aneo_grid1_24.19_timeFalse#quadratic#9xa1bwf0ng/
aneo_with_noise,aneo_grid1_24.19_timeFalse,tcNF-mlp,146,nearest,0.97,0.97,0.96,0.92,0.43,[0.965989539066969],[0.965832810531843],[0.9626302850204399],[0.9238108601094429],[0.4285189815154709],[0.28659328336878237],[0.02144579986258139],[0.11733703169224029],[0.9626302850204399],[0.6864054008884255],[0.028632010489407996],[0.15665515596226562],[0.9626302850204399],tcNF-mlp#aneo_grid1_24.19_timeFalse#nearest#sm9p37try4,../results/TFselfopt_simple_impute_v1_aneo_cc_re3-aneo_with_noise/tcNF-mlp#aneo_grid1_24.19_timeFalse#nearest#sm9p37try4/*overview.png,../results/TFselfopt_simple_impute_v1_aneo_cc_re3-aneo_with_noise/tcNF-mlp#aneo_grid1_24.19_timeFalse#nearest#sm9p37try4/*latent_space.png,../results/TFselfopt_simple_impute_v1_aneo_cc_re3-aneo_with_noise/tcNF-mlp#aneo_grid1_24.19_timeFalse#nearest#sm9p37try4/*roc_curve.png,"{'coupling_stabilizer': 'tanh+bias', 'st_linear': True, 'batch_norm': 'none', 'input_embedding': 'none', 'coupling_layers': 10, 'input_embedding_type': 0, 'seed': 100, 'hidden_multiplier': 31, 'st_net_layers': 5, 'st_dropout': 0.1, 'st_funnel_factor': 10, 'past': 146, 'encoder_layers': 4, 'encoder_dropout': 0.5, 'encoder_compression_factor': 11, 'input_shape': [39018, 2], 'hist_shape': [39018, 146, 2]}",TFselfopt_simple_impute_v1_aneo_cc_re3-aneo_with_noise,simple_impute_v1_aneo,23132234,../results/TFselfopt_simple_impute_v1_aneo_cc_re3-aneo_with_noise/tcNF-mlp#aneo_grid1_24.19_timeFalse#nearest#sm9p37try4/
aneo_with_noise,aneo_grid1_24.19_timeFalse,tcNF-mlp,108,cubic,0.94,0.94,0.94,0.88,0.72,[0.9364705252185148],[0.9395802387890372],[0.9381447728380699],[0.8775122216186855],[0.7184262574631812],[0.39025526048758247],[0.0432277290304807],[0.24059125069540546],[0.9381447728380699],[0.6091705787385675],[0.04619392880889006],[0.2571001381735504],[0.9632739483564551],tcNF-mlp#aneo_grid1_24.19_timeFalse#cubic#n5xpye027h,../results/TFselfopt_simple_impute_v1_aneo_cc_re3-aneo_with_noise/tcNF-mlp#aneo_grid1_24.19_timeFalse#cubic#n5xpye027h/*overview.png,../results/TFselfopt_simple_impute_v1_aneo_cc_re3-aneo_with_noise/tcNF-mlp#aneo_grid1_24.19_timeFalse#cubic#n5xpye027h/*latent_space.png,../results/TFselfopt_simple_impute_v1_aneo_cc_re3-aneo_with_noise/tcNF-mlp#aneo_grid1_24.19_timeFalse#cubic#n5xpye027h/*roc_curve.png,"{'coupling_stabilizer': 'tanh+bias', 'st_linear': True, 'batch_norm': 'none', 'input_embedding': 'none', 'coupling_layers': 11, 'input_embedding_type': 0, 'seed': 60, 'hidden_multiplier': 2, 'st_net_layers': 7, 'st_dropout': 0.2, 'st_funnel_factor': 6, 'past': 108, 'encoder_layers': 3, 'encoder_dropout': 0.8, 'encoder_compression_factor': 11, 'input_shape': [39018, 2], 'hist_shape': [39018, 108, 2]}",TFselfopt_simple_impute_v1_aneo_cc_re3-aneo_with_noise,simple_impute_v1_aneo,23132234,../results/TFselfopt_simple_impute_v1_aneo_cc_re3-aneo_with_noise/tcNF-mlp#aneo_grid1_24.19_timeFalse#cubic#n5xpye027h/
aneo_with_noise,aneo_grid1_0.00_timeFalse,tcNF-base,123,linear,0.97,0.97,0.97,0.93,0.41,[0.968711775307963],[0.9704206992062687],[0.970116717169804],[0.9271255060728745],[0.40721198594909197],[0.20681322116934645],[0.02484505160798556],[0.12289883289438856],[0.970116717169804],[0.8451078640813217],[0.02863625039141095],[0.1416524226677279],[0.9741976011167215],tcNF-base#aneo_grid1_0.00_timeFalse#linear#vks6hnjb83,../results/TFselfopt_simple_impute_v1_aneo_cc_re2_aneo-with-noise/tcNF-base#aneo_grid1_0.00_timeFalse#linear#vks6hnjb83/*overview.png,../results/TFselfopt_simple_impute_v1_aneo_cc_re2_aneo-with-noise/tcNF-base#aneo_grid1_0.00_timeFalse#linear#vks6hnjb83/*latent_space.png,../results/TFselfopt_simple_impute_v1_aneo_cc_re2_aneo-with-noise/tcNF-base#aneo_grid1_0.00_timeFalse#linear#vks6hnjb83/*roc_curve.png,"{'coupling_stabilizer': 'tanh+bias', 'st_linear': True, 'batch_norm': 'none', 'input_embedding': 'none', 'coupling_layers': 12, 'input_embedding_type': 0, 'seed': 91, 'hidden_multiplier': 36, 'st_net_layers': 4, 'st_dropout': 0.8, 'st_funnel_factor': 7, 'past': 123, 'input_shape': [16246, 2], 'hist_shape': [16246, 123, 2]}",TFselfopt_simple_impute_v1_aneo_cc_re2_aneo-with-noise-aneo_with_noise,simple_impute_v1_aneo,23119945,../results/TFselfopt_simple_impute_v1_aneo_cc_re2_aneo-with-noise/tcNF-base#aneo_grid1_0.00_timeFalse#linear#vks6hnjb83/
aneo_with_noise,aneo_grid1_0.00_timeFalse,tcNF-cnn,101,linear,0.9,0.91,0.9,0.85,0.32,[0.8983633188584285],[0.9096574723289965],[0.9020296176491005],[0.8508732646663681],[0.32129284969591765],[0.5741861790819697],[0.03297295139893942],[0.17563659138180532],[0.9020296176491005],[0.3875563476118217],[0.04013080435348252],[0.2137642336221834],[0.9429800306724075],tcNF-cnn#aneo_grid1_0.00_timeFalse#linear#5hq7apjvt8,../results/TFselfopt_simple_impute_v1_aneo_cc_re2_aneo-with-noise/tcNF-cnn#aneo_grid1_0.00_timeFalse#linear#5hq7apjvt8/*overview.png,../results/TFselfopt_simple_impute_v1_aneo_cc_re2_aneo-with-noise/tcNF-cnn#aneo_grid1_0.00_timeFalse#linear#5hq7apjvt8/*latent_space.png,../results/TFselfopt_simple_impute_v1_aneo_cc_re2_aneo-with-noise/tcNF-cnn#aneo_grid1_0.00_timeFalse#linear#5hq7apjvt8/*roc_curve.png,"{'coupling_stabilizer': 'tanh+bias', 'st_linear': True, 'batch_norm': 'none', 'input_embedding': 'none', 'coupling_layers': 13, 'input_embedding_type': 0, 'seed': 30, 'hidden_multiplier': 37, 'st_net_layers': 6, 'st_dropout': 0.5, 'st_funnel_factor': 5, 'past': 101, 'encoder_layers': 1, 'encoder_size': 6, 'encoder_dropout': 0.1, 'encoder_channel_depth': 10, 'input_shape': [16246, 2], 'hist_shape': [16246, 101, 2]}",TFselfopt_simple_impute_v1_aneo_cc_re2_aneo-with-noise-aneo_with_noise,simple_impute_v1_aneo,23119954,../results/TFselfopt_simple_impute_v1_aneo_cc_re2_aneo-with-noise/tcNF-cnn#aneo_grid1_0.00_timeFalse#linear#5hq7apjvt8/
aneo_with_noise,aneo_grid1_0.00_timeFalse,tcNF-mlp,144,linear,0.97,0.97,0.97,0.91,0.41,[0.9651038456211006],[0.9712682209087842],[0.9686143072683255],[0.914349276974416],[0.412628034706741],[0.29190562839991907],[0.035060636017185724],[0.18589837630850511],[0.9686143072683255],[0.7259190518879419],[0.04635848551025171],[0.24580179265010685],[0.9724687122545282],tcNF-mlp#aneo_grid1_0.00_timeFalse#linear#rgbzhmf23q,../results/TFselfopt_simple_impute_v1_aneo_cc_re2_aneo-with-noise/tcNF-mlp#aneo_grid1_0.00_timeFalse#linear#rgbzhmf23q/*overview.png,../results/TFselfopt_simple_impute_v1_aneo_cc_re2_aneo-with-noise/tcNF-mlp#aneo_grid1_0.00_timeFalse#linear#rgbzhmf23q/*latent_space.png,../results/TFselfopt_simple_impute_v1_aneo_cc_re2_aneo-with-noise/tcNF-mlp#aneo_grid1_0.00_timeFalse#linear#rgbzhmf23q/*roc_curve.png,"{'coupling_stabilizer': 'tanh+bias', 'st_linear': True, 'batch_norm': 'none', 'input_embedding': 'none', 'coupling_layers': 8, 'input_embedding_type': 0, 'seed': 62, 'hidden_multiplier': 44, 'st_net_layers': 2, 'st_dropout': 0.3, 'st_funnel_factor': 8, 'past': 144, 'encoder_layers': 2, 'encoder_dropout': 0.2, 'encoder_compression_factor': 3, 'input_shape': [16246, 2], 'hist_shape': [16246, 144, 2]}",TFselfopt_simple_impute_v1_aneo_cc_re2_aneo-with-noise-aneo_with_noise,simple_impute_v1_aneo,23119977,../results/TFselfopt_simple_impute_v1_aneo_cc_re2_aneo-with-noise/tcNF-mlp#aneo_grid1_0.00_timeFalse#linear#rgbzhmf23q/
aneo_with_noise,aneo_grid1_1.04_timeFalse,tcNF-base,116,linear,0.77,0.79,0.78,0.74,0.66,[0.7743015408513286],[0.7932088818369902],[0.7846748940610713],[0.7426868905742146],[0.6573962050595419],[0.6025339295869879],[0.03120865069108674],[0.17369703360984293],[0.7846748940610713],[0.32959540064699244],[0.03547877918799716],[0.19746315731662756],[0.7846748940610713],tcNF-base#aneo_grid1_1.04_timeFalse#linear#glnjz4ckhu,../results/TFselfopt_simple_impute_v1_aneo_cc_re2_aneo-with-noise/tcNF-base#aneo_grid1_1.04_timeFalse#linear#glnjz4ckhu/*overview.png,../results/TFselfopt_simple_impute_v1_aneo_cc_re2_aneo-with-noise/tcNF-base#aneo_grid1_1.04_timeFalse#linear#glnjz4ckhu/*latent_space.png,../results/TFselfopt_simple_impute_v1_aneo_cc_re2_aneo-with-noise/tcNF-base#aneo_grid1_1.04_timeFalse#linear#glnjz4ckhu/*roc_curve.png,"{'coupling_stabilizer': 'tanh+bias', 'st_linear': True, 'batch_norm': 'none', 'input_embedding': 'none', 'coupling_layers': 14, 'input_embedding_type': 0, 'seed': 61, 'hidden_multiplier': 1, 'st_net_layers': 7, 'st_dropout': 0.9, 'st_funnel_factor': 6, 'past': 116, 'input_shape': [26155, 2], 'hist_shape': [26155, 116, 2]}",TFselfopt_simple_impute_v1_aneo_cc_re2_aneo-with-noise-aneo_with_noise,simple_impute_v1_aneo,23119946,../results/TFselfopt_simple_impute_v1_aneo_cc_re2_aneo-with-noise/tcNF-base#aneo_grid1_1.04_timeFalse#linear#glnjz4ckhu/
aneo_with_noise,aneo_grid1_1.04_timeFalse,tcNF-cnn,117,linear,0.83,0.85,0.84,0.78,0.6,[0.8311762000591718],[0.8454437683658853],[0.8385339400604682],[0.7807846277021617],[0.6027126224867555],[0.6005538362708881],[0.027792164009925],[0.14804015857629058],[0.8385339400604682],[0.3177689699412911],[0.0316368364337514],[0.16851952517379243],[0.8385339400604682],tcNF-cnn#aneo_grid1_1.04_timeFalse#linear#8ytobc094d,../results/TFselfopt_simple_impute_v1_aneo_cc_re2_aneo-with-noise/tcNF-cnn#aneo_grid1_1.04_timeFalse#linear#8ytobc094d/*overview.png,../results/TFselfopt_simple_impute_v1_aneo_cc_re2_aneo-with-noise/tcNF-cnn#aneo_grid1_1.04_timeFalse#linear#8ytobc094d/*latent_space.png,../results/TFselfopt_simple_impute_v1_aneo_cc_re2_aneo-with-noise/tcNF-cnn#aneo_grid1_1.04_timeFalse#linear#8ytobc094d/*roc_curve.png,"{'coupling_stabilizer': 'tanh+bias', 'st_linear': True, 'batch_norm': 'none', 'input_embedding': 'none', 'coupling_layers': 11, 'input_embedding_type': 0, 'seed': 97, 'hidden_multiplier': 48, 'st_net_layers': 4, 'st_dropout': 0.2, 'st_funnel_factor': 2, 'past': 117, 'encoder_layers': 1, 'encoder_size': 3, 'encoder_dropout': 0.2, 'encoder_channel_depth': 10, 'input_shape': [26155, 2], 'hist_shape': [26155, 117, 2]}",TFselfopt_simple_impute_v1_aneo_cc_re2_aneo-with-noise-aneo_with_noise,simple_impute_v1_aneo,23119955,../results/TFselfopt_simple_impute_v1_aneo_cc_re2_aneo-with-noise/tcNF-cnn#aneo_grid1_1.04_timeFalse#linear#8ytobc094d/
aneo_with_noise,aneo_grid1_1.04_timeFalse,tcNF-mlp,188,linear,0.9,0.92,0.91,0.87,0.45,[0.9042871496405545],[0.9204856048430068],[0.9119218781889921],[0.8676906494206413],[0.45127690448529956],[0.48610783701292415],[0.03036278127778714],[0.16540091410828803],[0.9119218781889921],[0.4750893938501786],[0.03641737428538916],[0.198383242336027],[0.9119218781889921],tcNF-mlp#aneo_grid1_1.04_timeFalse#linear#u0wdekx162,../results/TFselfopt_simple_impute_v1_aneo_cc_re2_aneo-with-noise/tcNF-mlp#aneo_grid1_1.04_timeFalse#linear#u0wdekx162/*overview.png,../results/TFselfopt_simple_impute_v1_aneo_cc_re2_aneo-with-noise/tcNF-mlp#aneo_grid1_1.04_timeFalse#linear#u0wdekx162/*latent_space.png,../results/TFselfopt_simple_impute_v1_aneo_cc_re2_aneo-with-noise/tcNF-mlp#aneo_grid1_1.04_timeFalse#linear#u0wdekx162/*roc_curve.png,"{'coupling_stabilizer': 'tanh+bias', 'st_linear': True, 'batch_norm': 'none', 'input_embedding': 'none', 'coupling_layers': 12, 'input_embedding_type': 0, 'seed': 86, 'hidden_multiplier': 45, 'st_net_layers': 5, 'st_dropout': 0.4, 'st_funnel_factor': 8, 'past': 188, 'encoder_layers': 2, 'encoder_dropout': 0.1, 'encoder_compression_factor': 10, 'input_shape': [26155, 2], 'hist_shape': [26155, 188, 2]}",TFselfopt_simple_impute_v1_aneo_cc_re2_aneo-with-noise-aneo_with_noise,simple_impute_v1_aneo,23119978,../results/TFselfopt_simple_impute_v1_aneo_cc_re2_aneo-with-noise/tcNF-mlp#aneo_grid1_1.04_timeFalse#linear#u0wdekx162/
aneo_with_noise,aneo_grid1_13.69_timeFalse,tcNF-base,113,linear,0.87,0.89,0.88,0.8,0.29,[0.8745693203155437],[0.8900425753067458],[0.8827973720453272],[0.8011106239953237],[0.290069535604672],[0.47365761162121617],[0.021123355696382597],[0.11756561540147355],[0.8827973720453272],[0.5700020571609781],[0.0317649495411083],[0.17679320912238788],[0.9011377646637133],tcNF-base#aneo_grid1_13.69_timeFalse#linear#du5qwmb2x9,../results/TFselfopt_simple_impute_v1_aneo_cc_re2_aneo-with-noise/tcNF-base#aneo_grid1_13.69_timeFalse#linear#du5qwmb2x9/*overview.png,../results/TFselfopt_simple_impute_v1_aneo_cc_re2_aneo-with-noise/tcNF-base#aneo_grid1_13.69_timeFalse#linear#du5qwmb2x9/*latent_space.png,../results/TFselfopt_simple_impute_v1_aneo_cc_re2_aneo-with-noise/tcNF-base#aneo_grid1_13.69_timeFalse#linear#du5qwmb2x9/*roc_curve.png,"{'coupling_stabilizer': 'tanh+bias', 'st_linear': True, 'batch_norm': 'none', 'input_embedding': 'none', 'coupling_layers': 12, 'input_embedding_type': 0, 'seed': 100, 'hidden_multiplier': 20, 'st_net_layers': 7, 'st_dropout': 0.1, 'st_funnel_factor': 6, 'past': 113, 'input_shape': [30115, 2], 'hist_shape': [30115, 113, 2]}",TFselfopt_simple_impute_v1_aneo_cc_re2_aneo-with-noise-aneo_with_noise,simple_impute_v1_aneo,23119947,../results/TFselfopt_simple_impute_v1_aneo_cc_re2_aneo-with-noise/tcNF-base#aneo_grid1_13.69_timeFalse#linear#du5qwmb2x9/
aneo_with_noise,aneo_grid1_13.69_timeFalse,tcNF-cnn,195,linear,0.96,0.95,0.94,0.91,0.34,[0.9596053485589748],[0.9549036193747229],[0.9449264246107113],[0.9097503138513042],[0.3438577948522318],[0.5649598120208343],[0.033904561775650974],[0.18388287520002014],[0.9449264246107113],[0.40282273312967637],[0.04309989428564089],[0.23375416365806717],[0.9449264246107113],tcNF-cnn#aneo_grid1_13.69_timeFalse#linear#pjlxkurt8f,../results/TFselfopt_simple_impute_v1_aneo_cc_re2_aneo-with-noise/tcNF-cnn#aneo_grid1_13.69_timeFalse#linear#pjlxkurt8f/*overview.png,../results/TFselfopt_simple_impute_v1_aneo_cc_re2_aneo-with-noise/tcNF-cnn#aneo_grid1_13.69_timeFalse#linear#pjlxkurt8f/*latent_space.png,../results/TFselfopt_simple_impute_v1_aneo_cc_re2_aneo-with-noise/tcNF-cnn#aneo_grid1_13.69_timeFalse#linear#pjlxkurt8f/*roc_curve.png,"{'coupling_stabilizer': 'tanh+bias', 'st_linear': True, 'batch_norm': 'none', 'input_embedding': 'none', 'coupling_layers': 8, 'input_embedding_type': 0, 'seed': 99, 'hidden_multiplier': 16, 'st_net_layers': 4, 'st_dropout': 0.2, 'st_funnel_factor': 4, 'past': 195, 'encoder_layers': 1, 'encoder_size': 6, 'encoder_dropout': 0.6, 'encoder_channel_depth': 6, 'input_shape': [30115, 2], 'hist_shape': [30115, 195, 2]}",TFselfopt_simple_impute_v1_aneo_cc_re2_aneo-with-noise-aneo_with_noise,simple_impute_v1_aneo,23119956,../results/TFselfopt_simple_impute_v1_aneo_cc_re2_aneo-with-noise/tcNF-cnn#aneo_grid1_13.69_timeFalse#linear#pjlxkurt8f/
aneo_with_noise,aneo_grid1_13.69_timeFalse,tcNF-mlp,186,linear,0.89,0.9,0.89,0.88,0.56,[0.8884213314652797],[0.8989334730687112],[0.8945201317526951],[0.8800206638253907],[0.5596984204316856],[0.5308111955240528],[0.03387105354733371],[0.17707909086260698],[0.8945201317526951],[0.4583017736122947],[0.039659671099180116],[0.20734219242216806],[0.9258015422253824],tcNF-mlp#aneo_grid1_13.69_timeFalse#linear#j3bcgny1zm,../results/TFselfopt_simple_impute_v1_aneo_cc_re2_aneo-with-noise/tcNF-mlp#aneo_grid1_13.69_timeFalse#linear#j3bcgny1zm/*overview.png,../results/TFselfopt_simple_impute_v1_aneo_cc_re2_aneo-with-noise/tcNF-mlp#aneo_grid1_13.69_timeFalse#linear#j3bcgny1zm/*latent_space.png,../results/TFselfopt_simple_impute_v1_aneo_cc_re2_aneo-with-noise/tcNF-mlp#aneo_grid1_13.69_timeFalse#linear#j3bcgny1zm/*roc_curve.png,"{'coupling_stabilizer': 'tanh+bias', 'st_linear': True, 'batch_norm': 'none', 'input_embedding': 'none', 'coupling_layers': 11, 'input_embedding_type': 0, 'seed': 36, 'hidden_multiplier': 3, 'st_net_layers': 4, 'st_dropout': 0.8, 'st_funnel_factor': 8, 'past': 186, 'encoder_layers': 2, 'encoder_dropout': 0.5, 'encoder_compression_factor': 8, 'input_shape': [30115, 2], 'hist_shape': [30115, 186, 2]}",TFselfopt_simple_impute_v1_aneo_cc_re2_aneo-with-noise-aneo_with_noise,simple_impute_v1_aneo,23119979,../results/TFselfopt_simple_impute_v1_aneo_cc_re2_aneo-with-noise/tcNF-mlp#aneo_grid1_13.69_timeFalse#linear#j3bcgny1zm/
aneo_with_noise,aneo_grid1_24.19_timeFalse,tcNF-base,170,linear,0.94,0.94,0.94,0.88,0.56,[0.9367282195364767],[0.9413970501871151],[0.9392743472589046],[0.8806905192816372],[0.5580994472655588],[0.270818308127956],[0.021641110394163394],[0.112057797315589],[0.9392743472589046],[0.7947211166059178],[0.02205792205487961],[0.11421605055419863],[0.9580139814749243],tcNF-base#aneo_grid1_24.19_timeFalse#linear#thxcgw5a40,../results/TFselfopt_simple_impute_v1_aneo_cc_re2_aneo-with-noise/tcNF-base#aneo_grid1_24.19_timeFalse#linear#thxcgw5a40/*overview.png,../results/TFselfopt_simple_impute_v1_aneo_cc_re2_aneo-with-noise/tcNF-base#aneo_grid1_24.19_timeFalse#linear#thxcgw5a40/*latent_space.png,../results/TFselfopt_simple_impute_v1_aneo_cc_re2_aneo-with-noise/tcNF-base#aneo_grid1_24.19_timeFalse#linear#thxcgw5a40/*roc_curve.png,"{'coupling_stabilizer': 'tanh+bias', 'st_linear': True, 'batch_norm': 'none', 'input_embedding': 'none', 'coupling_layers': 10, 'input_embedding_type': 0, 'seed': 88, 'hidden_multiplier': 15, 'st_net_layers': 4, 'st_dropout': 0.1, 'st_funnel_factor': 1, 'past': 170, 'input_shape': [39018, 2], 'hist_shape': [39018, 170, 2]}",TFselfopt_simple_impute_v1_aneo_cc_re2_aneo-with-noise-aneo_with_noise,simple_impute_v1_aneo,23119948,../results/TFselfopt_simple_impute_v1_aneo_cc_re2_aneo-with-noise/tcNF-base#aneo_grid1_24.19_timeFalse#linear#thxcgw5a40/
aneo_with_noise,aneo_grid1_24.19_timeFalse,tcNF-cnn,166,linear,0.94,0.95,0.94,0.89,0.4,[0.9363308396658426],[0.9450206463049621],[0.9415734186095114],[0.8865503820095142],[0.39796274027277434],[0.3765270504769789],[0.03333672619786193],[0.18475996886868254],[0.9415734186095114],[0.6367190439019045],[0.04175963591823322],[0.23144171345520795],[0.9485909254625052],tcNF-cnn#aneo_grid1_24.19_timeFalse#linear#1djfkmw4yb,../results/TFselfopt_simple_impute_v1_aneo_cc_re2_aneo-with-noise/tcNF-cnn#aneo_grid1_24.19_timeFalse#linear#1djfkmw4yb/*overview.png,../results/TFselfopt_simple_impute_v1_aneo_cc_re2_aneo-with-noise/tcNF-cnn#aneo_grid1_24.19_timeFalse#linear#1djfkmw4yb/*latent_space.png,../results/TFselfopt_simple_impute_v1_aneo_cc_re2_aneo-with-noise/tcNF-cnn#aneo_grid1_24.19_timeFalse#linear#1djfkmw4yb/*roc_curve.png,"{'coupling_stabilizer': 'tanh+bias', 'st_linear': True, 'batch_norm': 'none', 'input_embedding': 'none', 'coupling_layers': 13, 'input_embedding_type': 0, 'seed': 62, 'hidden_multiplier': 34, 'st_net_layers': 4, 'st_dropout': 0.1, 'st_funnel_factor': 7, 'past': 166, 'encoder_layers': 2, 'encoder_size': 6, 'encoder_dropout': 0.2, 'encoder_channel_depth': 5, 'input_shape': [39018, 2], 'hist_shape': [39018, 166, 2]}",TFselfopt_simple_impute_v1_aneo_cc_re2_aneo-with-noise-aneo_with_noise,simple_impute_v1_aneo,23119959,../results/TFselfopt_simple_impute_v1_aneo_cc_re2_aneo-with-noise/tcNF-cnn#aneo_grid1_24.19_timeFalse#linear#1djfkmw4yb/
aneo_with_noise,aneo_grid1_24.19_timeFalse,tcNF-mlp,113,linear,0.96,0.96,0.96,0.9,0.38,[0.9596206645902146],[0.9590279089612267],[0.9598276329244281],[0.9019222674337029],[0.37600264577846776],[0.27144889610287254],[0.022444939829828963],[0.12226856067613173],[0.9598276329244281],[0.7204517462837858],[0.028693945226330023],[0.15630994823521732],[0.9598276329244281],tcNF-mlp#aneo_grid1_24.19_timeFalse#linear#0lt8d5u9c2,../results/TFselfopt_simple_impute_v1_aneo_cc_re2_aneo-with-noise/tcNF-mlp#aneo_grid1_24.19_timeFalse#linear#0lt8d5u9c2/*overview.png,../results/TFselfopt_simple_impute_v1_aneo_cc_re2_aneo-with-noise/tcNF-mlp#aneo_grid1_24.19_timeFalse#linear#0lt8d5u9c2/*latent_space.png,../results/TFselfopt_simple_impute_v1_aneo_cc_re2_aneo-with-noise/tcNF-mlp#aneo_grid1_24.19_timeFalse#linear#0lt8d5u9c2/*roc_curve.png,"{'coupling_stabilizer': 'tanh+bias', 'st_linear': True, 'batch_norm': 'none', 'input_embedding': 'none', 'coupling_layers': 9, 'input_embedding_type': 0, 'seed': 65, 'hidden_multiplier': 20, 'st_net_layers': 8, 'st_dropout': 0.2, 'st_funnel_factor': 10, 'past': 113, 'encoder_layers': 2, 'encoder_dropout': 0.2, 'encoder_compression_factor': 18, 'input_shape': [39018, 2], 'hist_shape': [39018, 113, 2]}",TFselfopt_simple_impute_v1_aneo_cc_re2_aneo-with-noise-aneo_with_noise,simple_impute_v1_aneo,23119991,../results/TFselfopt_simple_impute_v1_aneo_cc_re2_aneo-with-noise/tcNF-mlp#aneo_grid1_24.19_timeFalse#linear#0lt8d5u9c2/
aneo_with_noise,aneo_grid1_0.00_timeFalse,tcNF-base,144,skip,0.92,0.92,0.92,0.9,0.48,[0.9228689269948397],[0.9216294077846899],[0.9235285592038456],[0.8977569118414189],[0.47893720914650556],[0.28104387546808685],[0.03191344104116752],[0.17612073681187712],[0.9235285592038456],[0.7811366492609514],[0.0357334749927504],[0.19720236174010985],[0.9768027748637614],tcNF-base#aneo_grid1_0.00_timeFalse#skip#noxctduqw9,../results/TFselfopt_simple_skip_v1_aneo_cc_re2_aneo-with-noise/tcNF-base#aneo_grid1_0.00_timeFalse#skip#noxctduqw9/*overview.png,../results/TFselfopt_simple_skip_v1_aneo_cc_re2_aneo-with-noise/tcNF-base#aneo_grid1_0.00_timeFalse#skip#noxctduqw9/*latent_space.png,../results/TFselfopt_simple_skip_v1_aneo_cc_re2_aneo-with-noise/tcNF-base#aneo_grid1_0.00_timeFalse#skip#noxctduqw9/*roc_curve.png,"{'coupling_stabilizer': 'tanh+bias', 'st_linear': True, 'batch_norm': 'none', 'input_embedding': 'none', 'coupling_layers': 9, 'input_embedding_type': 0, 'seed': 74, 'hidden_multiplier': 43, 'st_net_layers': 4, 'st_dropout': 0.7, 'st_funnel_factor': 6, 'past': 144, 'input_shape': [16246, 2], 'hist_shape': [16246, 144, 2]}",TFselfopt_simple_skip_v1_aneo_cc_re2_aneo-with-noise-aneo_with_noise,simple_skip_v1_aneo,23109878,../results/TFselfopt_simple_skip_v1_aneo_cc_re2_aneo-with-noise/tcNF-base#aneo_grid1_0.00_timeFalse#skip#noxctduqw9/
aneo_with_noise,aneo_grid1_0.00_timeFalse,tcNF-cnn,215,skip,0.87,0.88,0.87,0.84,0.6,[0.8703414679871931],[0.8786748484037019],[0.8743863737552945],[0.839493136219641],[0.5978683060014472],[0.4977234045486663],[0.04151247153034144],[0.23104469443444176],[0.8743863737552945],[0.4623520293244538],[0.04644995357969554],[0.2585250874179037],[0.9369967542125337],tcNF-cnn#aneo_grid1_0.00_timeFalse#skip#n3gptqbrwo,../results/TFselfopt_simple_skip_v1_aneo_cc_re2_aneo-with-noise/tcNF-cnn#aneo_grid1_0.00_timeFalse#skip#n3gptqbrwo/*overview.png,../results/TFselfopt_simple_skip_v1_aneo_cc_re2_aneo-with-noise/tcNF-cnn#aneo_grid1_0.00_timeFalse#skip#n3gptqbrwo/*latent_space.png,../results/TFselfopt_simple_skip_v1_aneo_cc_re2_aneo-with-noise/tcNF-cnn#aneo_grid1_0.00_timeFalse#skip#n3gptqbrwo/*roc_curve.png,"{'coupling_stabilizer': 'tanh+bias', 'st_linear': True, 'batch_norm': 'none', 'input_embedding': 'none', 'coupling_layers': 12, 'input_embedding_type': 0, 'seed': 59, 'hidden_multiplier': 16, 'st_net_layers': 7, 'st_dropout': 0.9, 'st_funnel_factor': 2, 'past': 215, 'encoder_layers': 2, 'encoder_size': 7, 'encoder_dropout': 0.7, 'encoder_channel_depth': 7, 'input_shape': [16246, 2], 'hist_shape': [16246, 215, 2]}",TFselfopt_simple_skip_v1_aneo_cc_re2_aneo-with-noise-aneo_with_noise,simple_skip_v1_aneo,23111741,../results/TFselfopt_simple_skip_v1_aneo_cc_re2_aneo-with-noise/tcNF-cnn#aneo_grid1_0.00_timeFalse#skip#n3gptqbrwo/
aneo_with_noise,aneo_grid1_0.00_timeFalse,tcNF-mlp,115,skip,0.94,0.95,0.95,0.9,0.5,[0.9411876117578578],[0.9468358418870271],[0.9454988604217424],[0.8990114881111408],[0.4961124823134809],[0.32140500021954405],[0.03746253921494985],[0.19303729581886175],[0.9454988604217424],[0.6883379267131103],[0.05144644496159667],[0.26509368619939716],[0.9682338587002746],tcNF-mlp#aneo_grid1_0.00_timeFalse#skip#z62hysg3du,../results/TFselfopt_simple_skip_v1_aneo_cc_re2_aneo-with-noise/tcNF-mlp#aneo_grid1_0.00_timeFalse#skip#z62hysg3du/*overview.png,../results/TFselfopt_simple_skip_v1_aneo_cc_re2_aneo-with-noise/tcNF-mlp#aneo_grid1_0.00_timeFalse#skip#z62hysg3du/*latent_space.png,../results/TFselfopt_simple_skip_v1_aneo_cc_re2_aneo-with-noise/tcNF-mlp#aneo_grid1_0.00_timeFalse#skip#z62hysg3du/*roc_curve.png,"{'coupling_stabilizer': 'tanh+bias', 'st_linear': True, 'batch_norm': 'none', 'input_embedding': 'none', 'coupling_layers': 9, 'input_embedding_type': 0, 'seed': 46, 'hidden_multiplier': 9, 'st_net_layers': 4, 'st_dropout': 0.3, 'st_funnel_factor': 10, 'past': 115, 'encoder_layers': 1, 'encoder_dropout': 0.1, 'encoder_compression_factor': 6, 'input_shape': [16246, 2], 'hist_shape': [16246, 115, 2]}",TFselfopt_simple_skip_v1_aneo_cc_re2_aneo-with-noise-aneo_with_noise,simple_skip_v1_aneo,23115960,../results/TFselfopt_simple_skip_v1_aneo_cc_re2_aneo-with-noise/tcNF-mlp#aneo_grid1_0.00_timeFalse#skip#z62hysg3du/
aneo_with_noise,aneo_grid1_1.04_timeFalse,tcNF-base,216,skip,0.97,0.97,0.97,0.93,0.46,[0.9695200935031154],[0.9734619364552993],[0.9724819272382593],[0.9294649986691509],[0.46291430594733207],[0.29340394574305534],[0.01692745089826187],[0.0893361804151533],[0.9724819272382593],[0.7505102475568103],[0.026426421235239445],[0.13946787082044362],[0.9724819272382593],tcNF-base#aneo_grid1_1.04_timeFalse#skip#o3axq0v8c6,../results/TFselfopt_simple_skip_v1_aneo_cc_re2_aneo-with-noise/tcNF-base#aneo_grid1_1.04_timeFalse#skip#o3axq0v8c6/*overview.png,../results/TFselfopt_simple_skip_v1_aneo_cc_re2_aneo-with-noise/tcNF-base#aneo_grid1_1.04_timeFalse#skip#o3axq0v8c6/*latent_space.png,../results/TFselfopt_simple_skip_v1_aneo_cc_re2_aneo-with-noise/tcNF-base#aneo_grid1_1.04_timeFalse#skip#o3axq0v8c6/*roc_curve.png,"{'coupling_stabilizer': 'tanh+bias', 'st_linear': True, 'batch_norm': 'none', 'input_embedding': 'none', 'coupling_layers': 10, 'input_embedding_type': 0, 'seed': 38, 'hidden_multiplier': 5, 'st_net_layers': 4, 'st_dropout': 0.5, 'st_funnel_factor': 3, 'past': 216, 'input_shape': [24310, 2], 'hist_shape': [24310, 215, 2]}",TFselfopt_simple_skip_v1_aneo_cc_re2_aneo-with-noise-aneo_with_noise,simple_skip_v1_aneo,23110284,../results/TFselfopt_simple_skip_v1_aneo_cc_re2_aneo-with-noise/tcNF-base#aneo_grid1_1.04_timeFalse#skip#o3axq0v8c6/
aneo_with_noise,aneo_grid1_1.04_timeFalse,tcNF-cnn,109,skip,0.91,0.92,0.92,0.87,0.41,[0.9102945490412205],[0.9203830412966395],[0.9168331596275016],[0.8658100410650418],[0.40806741705713523],[0.5172366203311816],[0.03610823323506234],[0.18967194613913085],[0.9168331596275016],[0.45663273415968647],[0.041217556954171],[0.21651057230367923],[0.9168331596275016],tcNF-cnn#aneo_grid1_1.04_timeFalse#skip#mgw7jspn3o,../results/TFselfopt_simple_skip_v1_aneo_cc_re2_aneo-with-noise/tcNF-cnn#aneo_grid1_1.04_timeFalse#skip#mgw7jspn3o/*overview.png,../results/TFselfopt_simple_skip_v1_aneo_cc_re2_aneo-with-noise/tcNF-cnn#aneo_grid1_1.04_timeFalse#skip#mgw7jspn3o/*latent_space.png,../results/TFselfopt_simple_skip_v1_aneo_cc_re2_aneo-with-noise/tcNF-cnn#aneo_grid1_1.04_timeFalse#skip#mgw7jspn3o/*roc_curve.png,"{'coupling_stabilizer': 'tanh+bias', 'st_linear': True, 'batch_norm': 'none', 'input_embedding': 'none', 'coupling_layers': 13, 'input_embedding_type': 0, 'seed': 53, 'hidden_multiplier': 46, 'st_net_layers': 5, 'st_dropout': 0.5, 'st_funnel_factor': 7, 'past': 109, 'encoder_layers': 1, 'encoder_size': 6, 'encoder_dropout': 0.3, 'encoder_channel_depth': 4, 'input_shape': [24310, 2], 'hist_shape': [24310, 109, 2]}",TFselfopt_simple_skip_v1_aneo_cc_re2_aneo-with-noise-aneo_with_noise,simple_skip_v1_aneo,23111742,../results/TFselfopt_simple_skip_v1_aneo_cc_re2_aneo-with-noise/tcNF-cnn#aneo_grid1_1.04_timeFalse#skip#mgw7jspn3o/
aneo_with_noise,aneo_grid1_1.04_timeFalse,tcNF-mlp,100,skip,0.9,0.91,0.91,0.84,0.4,[0.8990157566809909],[0.9130527460555918],[0.9080144275041666],[0.836934085592404],[0.4017458856231008],[0.4331120792061287],[0.02585811887517605],[0.1279100836957836],[0.9080144275041666],[0.5152771565114578],[0.03571178917471549],[0.17665236842302737],[0.9080144275041666],tcNF-mlp#aneo_grid1_1.04_timeFalse#skip#yav3ouj6w1,../results/TFselfopt_simple_skip_v1_aneo_cc_re2_aneo-with-noise/tcNF-mlp#aneo_grid1_1.04_timeFalse#skip#yav3ouj6w1/*overview.png,../results/TFselfopt_simple_skip_v1_aneo_cc_re2_aneo-with-noise/tcNF-mlp#aneo_grid1_1.04_timeFalse#skip#yav3ouj6w1/*latent_space.png,../results/TFselfopt_simple_skip_v1_aneo_cc_re2_aneo-with-noise/tcNF-mlp#aneo_grid1_1.04_timeFalse#skip#yav3ouj6w1/*roc_curve.png,"{'coupling_stabilizer': 'tanh+bias', 'st_linear': True, 'batch_norm': 'none', 'input_embedding': 'none', 'coupling_layers': 14, 'input_embedding_type': 0, 'seed': 95, 'hidden_multiplier': 6, 'st_net_layers': 2, 'st_dropout': 0.2, 'st_funnel_factor': 4, 'past': 100, 'encoder_layers': 1, 'encoder_dropout': 0.5, 'encoder_compression_factor': 13, 'input_shape': [24310, 2], 'hist_shape': [24310, 100, 2]}",TFselfopt_simple_skip_v1_aneo_cc_re2_aneo-with-noise-aneo_with_noise,simple_skip_v1_aneo,23115961,../results/TFselfopt_simple_skip_v1_aneo_cc_re2_aneo-with-noise/tcNF-mlp#aneo_grid1_1.04_timeFalse#skip#yav3ouj6w1/
aneo_with_noise,aneo_grid1_13.69_timeFalse,tcNF-base,203,skip,0.95,0.96,0.96,0.91,0.55,[0.9489007818289936],[0.9562897046152323],[0.9554248164481489],[0.9126931713115837],[0.5499011817027161],[0.2955106432929486],[0.02410283403197718],[0.1277979586217899],[0.9554248164481489],[0.7231869345947867],[0.03458488427048],[0.1833758471337583],[0.9554248164481489],tcNF-base#aneo_grid1_13.69_timeFalse#skip#wn0croxaq8,../results/TFselfopt_simple_skip_v1_aneo_cc_re2_aneo-with-noise/tcNF-base#aneo_grid1_13.69_timeFalse#skip#wn0croxaq8/*overview.png,../results/TFselfopt_simple_skip_v1_aneo_cc_re2_aneo-with-noise/tcNF-base#aneo_grid1_13.69_timeFalse#skip#wn0croxaq8/*latent_space.png,../results/TFselfopt_simple_skip_v1_aneo_cc_re2_aneo-with-noise/tcNF-base#aneo_grid1_13.69_timeFalse#skip#wn0croxaq8/*roc_curve.png,"{'coupling_stabilizer': 'tanh+bias', 'st_linear': True, 'batch_norm': 'none', 'input_embedding': 'none', 'coupling_layers': 10, 'input_embedding_type': 0, 'seed': 78, 'hidden_multiplier': 11, 'st_net_layers': 7, 'st_dropout': 0.3, 'st_funnel_factor': 7, 'past': 203, 'input_shape': [24310, 2], 'hist_shape': [24310, 203, 2]}",TFselfopt_simple_skip_v1_aneo_cc_re2_aneo-with-noise-aneo_with_noise,simple_skip_v1_aneo,23110834,../results/TFselfopt_simple_skip_v1_aneo_cc_re2_aneo-with-noise/tcNF-base#aneo_grid1_13.69_timeFalse#skip#wn0croxaq8/
aneo_with_noise,aneo_grid1_13.69_timeFalse,tcNF-cnn,128,skip,0.96,0.96,0.96,0.93,0.39,[0.9560757147585863],[0.9647174357628124],[0.9595813710074412],[0.9276699687881667],[0.38885346177300323],[0.4933655123081493],[0.030625277573942858],[0.16609753375841074],[0.9595813710074412],[0.46720783352768785],[0.037510705836004084],[0.20344095539557142],[0.9595813710074412],tcNF-cnn#aneo_grid1_13.69_timeFalse#skip#jzcynpwtb4,../results/TFselfopt_simple_skip_v1_aneo_cc_re2_aneo-with-noise/tcNF-cnn#aneo_grid1_13.69_timeFalse#skip#jzcynpwtb4/*overview.png,../results/TFselfopt_simple_skip_v1_aneo_cc_re2_aneo-with-noise/tcNF-cnn#aneo_grid1_13.69_timeFalse#skip#jzcynpwtb4/*latent_space.png,../results/TFselfopt_simple_skip_v1_aneo_cc_re2_aneo-with-noise/tcNF-cnn#aneo_grid1_13.69_timeFalse#skip#jzcynpwtb4/*roc_curve.png,"{'coupling_stabilizer': 'tanh+bias', 'st_linear': True, 'batch_norm': 'none', 'input_embedding': 'none', 'coupling_layers': 10, 'input_embedding_type': 0, 'seed': 99, 'hidden_multiplier': 40, 'st_net_layers': 3, 'st_dropout': 0.7, 'st_funnel_factor': 6, 'past': 128, 'encoder_layers': 2, 'encoder_size': 5, 'encoder_dropout': 0.2, 'encoder_channel_depth': 6, 'input_shape': [24310, 2], 'hist_shape': [24310, 128, 2]}",TFselfopt_simple_skip_v1_aneo_cc_re2_aneo-with-noise-aneo_with_noise,simple_skip_v1_aneo,23111925,../results/TFselfopt_simple_skip_v1_aneo_cc_re2_aneo-with-noise/tcNF-cnn#aneo_grid1_13.69_timeFalse#skip#jzcynpwtb4/
aneo_with_noise,aneo_grid1_13.69_timeFalse,tcNF-mlp,103,skip,0.89,0.91,0.9,0.83,0.4,[0.8923419006859993],[0.9074219954026357],[0.9010971582960249],[0.8322409705759308],[0.4000101144344631],[0.44900722515960306],[0.027481581994683296],[0.1422997937251181],[0.9010971582960249],[0.4961897507737907],[0.035634209418533076],[0.18451414663085716],[0.9170361771918288],tcNF-mlp#aneo_grid1_13.69_timeFalse#skip#8jt15u0rv9,../results/TFselfopt_simple_skip_v1_aneo_cc_re2_aneo-with-noise/tcNF-mlp#aneo_grid1_13.69_timeFalse#skip#8jt15u0rv9/*overview.png,../results/TFselfopt_simple_skip_v1_aneo_cc_re2_aneo-with-noise/tcNF-mlp#aneo_grid1_13.69_timeFalse#skip#8jt15u0rv9/*latent_space.png,../results/TFselfopt_simple_skip_v1_aneo_cc_re2_aneo-with-noise/tcNF-mlp#aneo_grid1_13.69_timeFalse#skip#8jt15u0rv9/*roc_curve.png,"{'coupling_stabilizer': 'tanh+bias', 'st_linear': True, 'batch_norm': 'none', 'input_embedding': 'none', 'coupling_layers': 10, 'input_embedding_type': 0, 'seed': 81, 'hidden_multiplier': 36, 'st_net_layers': 2, 'st_dropout': 0.5, 'st_funnel_factor': 6, 'past': 103, 'encoder_layers': 1, 'encoder_dropout': 0.2, 'encoder_compression_factor': 17, 'input_shape': [24310, 2], 'hist_shape': [24310, 103, 2]}",TFselfopt_simple_skip_v1_aneo_cc_re2_aneo-with-noise-aneo_with_noise,simple_skip_v1_aneo,23115997,../results/TFselfopt_simple_skip_v1_aneo_cc_re2_aneo-with-noise/tcNF-mlp#aneo_grid1_13.69_timeFalse#skip#8jt15u0rv9/
aneo_with_noise,aneo_grid1_24.19_timeFalse,tcNF-base,190,skip,0.93,0.94,0.94,0.86,0.6,[0.9340804710976867],[0.9388301324284004],[0.93599153433335],[0.8621581167505783],[0.5955150471659528],[0.1797610007044125],[0.013406410840669736],[0.07492850645527155],[0.93599153433335],[0.8239552389147602],[0.01459664982535452],[0.08158075891173994],[0.9710451186827572],tcNF-base#aneo_grid1_24.19_timeFalse#skip#4629t73hzm,../results/TFselfopt_simple_skip_v1_aneo_cc_re2_aneo-with-noise/tcNF-base#aneo_grid1_24.19_timeFalse#skip#4629t73hzm/*overview.png,../results/TFselfopt_simple_skip_v1_aneo_cc_re2_aneo-with-noise/tcNF-base#aneo_grid1_24.19_timeFalse#skip#4629t73hzm/*latent_space.png,../results/TFselfopt_simple_skip_v1_aneo_cc_re2_aneo-with-noise/tcNF-base#aneo_grid1_24.19_timeFalse#skip#4629t73hzm/*roc_curve.png,"{'coupling_stabilizer': 'tanh+bias', 'st_linear': True, 'batch_norm': 'none', 'input_embedding': 'none', 'coupling_layers': 9, 'input_embedding_type': 0, 'seed': 89, 'hidden_multiplier': 40, 'st_net_layers': 7, 'st_dropout': 0.8, 'st_funnel_factor': 2, 'past': 190, 'input_shape': [26416, 2], 'hist_shape': [26416, 190, 2]}",TFselfopt_simple_skip_v1_aneo_cc_re2_aneo-with-noise-aneo_with_noise,simple_skip_v1_aneo,23111469,../results/TFselfopt_simple_skip_v1_aneo_cc_re2_aneo-with-noise/tcNF-base#aneo_grid1_24.19_timeFalse#skip#4629t73hzm/
aneo_with_noise,aneo_grid1_24.19_timeFalse,tcNF-cnn,130,skip,0.97,0.98,0.97,0.93,0.49,[0.9713891514793153],[0.9759043034645096],[0.9705933051675771],[0.931495633187773],[0.48765941504819843],[0.3612892823387059],[0.027095453240547455],[0.14760218087937785],[0.9705933051675771],[0.6094148324347336],[0.03250075544450626],[0.17704750465873775],[0.9705933051675771],tcNF-cnn#aneo_grid1_24.19_timeFalse#skip#er5kqgj2xs,../results/TFselfopt_simple_skip_v1_aneo_cc_re2_aneo-with-noise/tcNF-cnn#aneo_grid1_24.19_timeFalse#skip#er5kqgj2xs/*overview.png,../results/TFselfopt_simple_skip_v1_aneo_cc_re2_aneo-with-noise/tcNF-cnn#aneo_grid1_24.19_timeFalse#skip#er5kqgj2xs/*latent_space.png,../results/TFselfopt_simple_skip_v1_aneo_cc_re2_aneo-with-noise/tcNF-cnn#aneo_grid1_24.19_timeFalse#skip#er5kqgj2xs/*roc_curve.png,"{'coupling_stabilizer': 'tanh+bias', 'st_linear': True, 'batch_norm': 'none', 'input_embedding': 'none', 'coupling_layers': 9, 'input_embedding_type': 0, 'seed': 49, 'hidden_multiplier': 46, 'st_net_layers': 6, 'st_dropout': 0.1, 'st_funnel_factor': 6, 'past': 130, 'encoder_layers': 1, 'encoder_size': 5, 'encoder_dropout': 0.1, 'encoder_channel_depth': 5, 'input_shape': [26416, 2], 'hist_shape': [26416, 130, 2]}",TFselfopt_simple_skip_v1_aneo_cc_re2_aneo-with-noise-aneo_with_noise,simple_skip_v1_aneo,23112661,../results/TFselfopt_simple_skip_v1_aneo_cc_re2_aneo-with-noise/tcNF-cnn#aneo_grid1_24.19_timeFalse#skip#er5kqgj2xs/
aneo_with_noise,aneo_grid1_24.19_timeFalse,tcNF-mlp,155,skip,0.96,0.96,0.96,0.9,0.47,[0.9569976896227192],[0.960145122034229],[0.9595545821920987],[0.9044377892730738],[0.4684434382802884],[0.2265145584169901],[0.016076360548459456],[0.08947570871134253],[0.9595545821920987],[0.7505238763160997],[0.02370230833516864],[0.13191921330647205],[0.9657188999461002],tcNF-mlp#aneo_grid1_24.19_timeFalse#skip#w6xnv2icyo,../results/TFselfopt_simple_skip_v1_aneo_cc_re2_aneo-with-noise/tcNF-mlp#aneo_grid1_24.19_timeFalse#skip#w6xnv2icyo/*overview.png,../results/TFselfopt_simple_skip_v1_aneo_cc_re2_aneo-with-noise/tcNF-mlp#aneo_grid1_24.19_timeFalse#skip#w6xnv2icyo/*latent_space.png,../results/TFselfopt_simple_skip_v1_aneo_cc_re2_aneo-with-noise/tcNF-mlp#aneo_grid1_24.19_timeFalse#skip#w6xnv2icyo/*roc_curve.png,"{'coupling_stabilizer': 'tanh+bias', 'st_linear': True, 'batch_norm': 'none', 'input_embedding': 'none', 'coupling_layers': 14, 'input_embedding_type': 0, 'seed': 87, 'hidden_multiplier': 44, 'st_net_layers': 8, 'st_dropout': 0.1, 'st_funnel_factor': 9, 'past': 155, 'encoder_layers': 1, 'encoder_dropout': 0.5, 'encoder_compression_factor': 19, 'input_shape': [26416, 2], 'hist_shape': [26416, 155, 2]}",TFselfopt_simple_skip_v1_aneo_cc_re2_aneo-with-noise-aneo_with_noise,simple_skip_v1_aneo,23116143,../results/TFselfopt_simple_skip_v1_aneo_cc_re2_aneo-with-noise/tcNF-mlp#aneo_grid1_24.19_timeFalse#skip#w6xnv2icyo/
aneo_with_noise,aneo_grid1_0.00_timeFalse,tcNF-base,142,train_only,0.97,0.97,0.97,0.92,0.43,[0.9666239407980991],[0.9676609655508621],[0.9681609143430259],[0.9213544511196068],[0.43441853944952824],[0.2661343415951407],[0.03166900276195062],[0.16157654470382968],[0.9681609143430259],[0.7683282183548034],[0.04124643592905829],[0.2104409996380525],[0.9755447703468334],tcNF-base#aneo_grid1_0.00_timeFalse#train_only#pwuxhkncda,../results/TFselfopt_train_only_v1_aneo_cc_re2-aneo_with_noise/tcNF-base#aneo_grid1_0.00_timeFalse#train_only#pwuxhkncda/*overview.png,../results/TFselfopt_train_only_v1_aneo_cc_re2-aneo_with_noise/tcNF-base#aneo_grid1_0.00_timeFalse#train_only#pwuxhkncda/*latent_space.png,../results/TFselfopt_train_only_v1_aneo_cc_re2-aneo_with_noise/tcNF-base#aneo_grid1_0.00_timeFalse#train_only#pwuxhkncda/*roc_curve.png,"{'coupling_stabilizer': 'tanh+bias', 'st_linear': True, 'batch_norm': 'none', 'input_embedding': 'none', 'coupling_layers': 10, 'input_embedding_type': 0, 'seed': 45, 'hidden_multiplier': 32, 'st_net_layers': 3, 'st_dropout': 0.7, 'st_funnel_factor': 1, 'past': 142, 'input_shape': [16246, 2], 'hist_shape': [16246, 142, 2]}",TFselfopt_train_only_v1_aneo_cc_re2-aneo_with_noise,train_only_v1_aneo,23129593,../results/TFselfopt_train_only_v1_aneo_cc_re2-aneo_with_noise/tcNF-base#aneo_grid1_0.00_timeFalse#train_only#pwuxhkncda/
aneo_with_noise,aneo_grid1_0.00_timeFalse,tcNF-cnn,147,train_only,0.88,0.89,0.89,0.85,0.77,[0.8750805242434779],[0.8935838250241771],[0.8863183590182027],[0.8498119290703923],[0.7698094406954697],[0.48892322900903484],[0.03995123411224263],[0.22141912577236825],[0.8863183590182027],[0.46744179263874824],[0.04682257706027655],[0.25950172277453615],[0.9470490821107325],tcNF-cnn#aneo_grid1_0.00_timeFalse#train_only#rtd7hizkjl,../results/TFselfopt_train_only_v1_aneo_cc_re2-aneo_with_noise/tcNF-cnn#aneo_grid1_0.00_timeFalse#train_only#rtd7hizkjl/*overview.png,../results/TFselfopt_train_only_v1_aneo_cc_re2-aneo_with_noise/tcNF-cnn#aneo_grid1_0.00_timeFalse#train_only#rtd7hizkjl/*latent_space.png,../results/TFselfopt_train_only_v1_aneo_cc_re2-aneo_with_noise/tcNF-cnn#aneo_grid1_0.00_timeFalse#train_only#rtd7hizkjl/*roc_curve.png,"{'coupling_stabilizer': 'tanh+bias', 'st_linear': True, 'batch_norm': 'none', 'input_embedding': 'none', 'coupling_layers': 12, 'input_embedding_type': 0, 'seed': 56, 'hidden_multiplier': 2, 'st_net_layers': 5, 'st_dropout': 0.8, 'st_funnel_factor': 5, 'past': 147, 'encoder_layers': 1, 'encoder_size': 5, 'encoder_dropout': 0.1, 'encoder_channel_depth': 6, 'input_shape': [16246, 2], 'hist_shape': [16246, 147, 2]}",TFselfopt_train_only_v1_aneo_cc_re2-aneo_with_noise,train_only_v1_aneo,23129604,../results/TFselfopt_train_only_v1_aneo_cc_re2-aneo_with_noise/tcNF-cnn#aneo_grid1_0.00_timeFalse#train_only#rtd7hizkjl/
aneo_with_noise,aneo_grid1_0.00_timeFalse,tcNF-mlp,123,train_only,0.97,0.98,0.98,0.93,0.53,[0.9734826771920442],[0.9754354176265327],[0.975035903363482],[0.931386056764949],[0.5315007667818029],[0.3505402972255137],[0.03774368836388376],[0.19826278344450102],[0.975035903363482],[0.6338728020984349],[0.045915930290511615],[0.24119052849512723],[0.975035903363482],tcNF-mlp#aneo_grid1_0.00_timeFalse#train_only#l2orsbg1zt,../results/TFselfopt_train_only_v1_aneo_cc_re2-aneo_with_noise/tcNF-mlp#aneo_grid1_0.00_timeFalse#train_only#l2orsbg1zt/*overview.png,../results/TFselfopt_train_only_v1_aneo_cc_re2-aneo_with_noise/tcNF-mlp#aneo_grid1_0.00_timeFalse#train_only#l2orsbg1zt/*latent_space.png,../results/TFselfopt_train_only_v1_aneo_cc_re2-aneo_with_noise/tcNF-mlp#aneo_grid1_0.00_timeFalse#train_only#l2orsbg1zt/*roc_curve.png,"{'coupling_stabilizer': 'tanh+bias', 'st_linear': True, 'batch_norm': 'none', 'input_embedding': 'none', 'coupling_layers': 8, 'input_embedding_type': 0, 'seed': 97, 'hidden_multiplier': 4, 'st_net_layers': 3, 'st_dropout': 0.5, 'st_funnel_factor': 7, 'past': 123, 'encoder_layers': 2, 'encoder_dropout': 0.6, 'encoder_compression_factor': 9, 'input_shape': [16246, 2], 'hist_shape': [16246, 123, 2]}",TFselfopt_train_only_v1_aneo_cc_re2-aneo_with_noise,train_only_v1_aneo,23129639,../results/TFselfopt_train_only_v1_aneo_cc_re2-aneo_with_noise/tcNF-mlp#aneo_grid1_0.00_timeFalse#train_only#l2orsbg1zt/
aneo_with_noise,aneo_grid1_1.04_timeFalse,tcNF-base,183,train_only,0.98,0.98,0.98,0.93,0.58,[0.978981467183729],[0.9786956210588469],[0.9771734126788797],[0.9334233625928426],[0.5843228716034142],[0.2418453865222623],[0.023948639945264034],[0.12988649726267257],[0.9771734126788797],[0.7828276403612685],[0.030322836963744226],[0.1644572338675414],[0.9833799899355778],tcNF-base#aneo_grid1_1.04_timeFalse#train_only#fye9sn2bmp,../results/TFselfopt_train_only_v1_aneo_cc_re2-aneo_with_noise/tcNF-base#aneo_grid1_1.04_timeFalse#train_only#fye9sn2bmp/*overview.png,../results/TFselfopt_train_only_v1_aneo_cc_re2-aneo_with_noise/tcNF-base#aneo_grid1_1.04_timeFalse#train_only#fye9sn2bmp/*latent_space.png,../results/TFselfopt_train_only_v1_aneo_cc_re2-aneo_with_noise/tcNF-base#aneo_grid1_1.04_timeFalse#train_only#fye9sn2bmp/*roc_curve.png,"{'coupling_stabilizer': 'tanh+bias', 'st_linear': True, 'batch_norm': 'none', 'input_embedding': 'none', 'coupling_layers': 9, 'input_embedding_type': 0, 'seed': 76, 'hidden_multiplier': 1, 'st_net_layers': 4, 'st_dropout': 0.4, 'st_funnel_factor': 4, 'past': 183, 'input_shape': [26155, 2], 'hist_shape': [26155, 183, 2]}",TFselfopt_train_only_v1_aneo_cc_re2-aneo_with_noise,train_only_v1_aneo,23129594,../results/TFselfopt_train_only_v1_aneo_cc_re2-aneo_with_noise/tcNF-base#aneo_grid1_1.04_timeFalse#train_only#fye9sn2bmp/
aneo_with_noise,aneo_grid1_1.04_timeFalse,tcNF-cnn,146,train_only,0.76,0.78,0.77,0.75,0.63,[0.7554391788263819],[0.7762692336921228],[0.7668370707591993],[0.7501604003592968],[0.629597210845767],[0.6137549986711966],[0.032452023026582955],[0.16803676671666645],[0.7668370707591993],[0.31989325231585725],[0.036327144627313235],[0.1881021692306247],[0.8317240690413371],tcNF-cnn#aneo_grid1_1.04_timeFalse#train_only#87qb2vozc0,../results/TFselfopt_train_only_v1_aneo_cc_re2-aneo_with_noise/tcNF-cnn#aneo_grid1_1.04_timeFalse#train_only#87qb2vozc0/*overview.png,../results/TFselfopt_train_only_v1_aneo_cc_re2-aneo_with_noise/tcNF-cnn#aneo_grid1_1.04_timeFalse#train_only#87qb2vozc0/*latent_space.png,../results/TFselfopt_train_only_v1_aneo_cc_re2-aneo_with_noise/tcNF-cnn#aneo_grid1_1.04_timeFalse#train_only#87qb2vozc0/*roc_curve.png,"{'coupling_stabilizer': 'tanh+bias', 'st_linear': True, 'batch_norm': 'none', 'input_embedding': 'none', 'coupling_layers': 12, 'input_embedding_type': 0, 'seed': 100, 'hidden_multiplier': 1, 'st_net_layers': 7, 'st_dropout': 0.8, 'st_funnel_factor': 8, 'past': 146, 'encoder_layers': 4, 'encoder_size': 5, 'encoder_dropout': 0.8, 'encoder_channel_depth': 4, 'input_shape': [26155, 2], 'hist_shape': [26155, 146, 2]}",TFselfopt_train_only_v1_aneo_cc_re2-aneo_with_noise,train_only_v1_aneo,23129605,../results/TFselfopt_train_only_v1_aneo_cc_re2-aneo_with_noise/tcNF-cnn#aneo_grid1_1.04_timeFalse#train_only#87qb2vozc0/
aneo_with_noise,aneo_grid1_1.04_timeFalse,tcNF-mlp,102,train_only,0.9,0.91,0.9,0.88,0.59,[0.9015416045760618],[0.9060971730557745],[0.9033364920532643],[0.8751505419510237],[0.5880295136166234],[0.40290959356465755],[0.03029767203306825],[0.16432075076424907],[0.9033364920532643],[0.5475866912525923],[0.042983608367756436],[0.23312348189118987],[0.9606503804360289],tcNF-mlp#aneo_grid1_1.04_timeFalse#train_only#ynvt8d7zr6,../results/TFselfopt_train_only_v1_aneo_cc_re2-aneo_with_noise/tcNF-mlp#aneo_grid1_1.04_timeFalse#train_only#ynvt8d7zr6/*overview.png,../results/TFselfopt_train_only_v1_aneo_cc_re2-aneo_with_noise/tcNF-mlp#aneo_grid1_1.04_timeFalse#train_only#ynvt8d7zr6/*latent_space.png,../results/TFselfopt_train_only_v1_aneo_cc_re2-aneo_with_noise/tcNF-mlp#aneo_grid1_1.04_timeFalse#train_only#ynvt8d7zr6/*roc_curve.png,"{'coupling_stabilizer': 'tanh+bias', 'st_linear': True, 'batch_norm': 'none', 'input_embedding': 'none', 'coupling_layers': 10, 'input_embedding_type': 0, 'seed': 30, 'hidden_multiplier': 1, 'st_net_layers': 5, 'st_dropout': 0.5, 'st_funnel_factor': 6, 'past': 102, 'encoder_layers': 2, 'encoder_dropout': 0.3, 'encoder_compression_factor': 14, 'input_shape': [26155, 2], 'hist_shape': [26155, 102, 2]}",TFselfopt_train_only_v1_aneo_cc_re2-aneo_with_noise,train_only_v1_aneo,23129665,../results/TFselfopt_train_only_v1_aneo_cc_re2-aneo_with_noise/tcNF-mlp#aneo_grid1_1.04_timeFalse#train_only#ynvt8d7zr6/
aneo_with_noise,aneo_grid1_13.69_timeFalse,tcNF-base,114,train_only,0.9,0.91,0.9,0.88,0.42,[0.8979859418919818],[0.9068054436500083],[0.9037718809900782],[0.8844348598249397],[0.419190396361386],[0.3162056040573693],[0.022702846164766647],[0.12421474587139196],[0.9037718809900782],[0.6792282953770833],[0.031216638041449682],[0.17079650424164142],[0.9496503397931284],tcNF-base#aneo_grid1_13.69_timeFalse#train_only#u7r5k3mpl2,../results/TFselfopt_train_only_v1_aneo_cc_re2-aneo_with_noise/tcNF-base#aneo_grid1_13.69_timeFalse#train_only#u7r5k3mpl2/*overview.png,../results/TFselfopt_train_only_v1_aneo_cc_re2-aneo_with_noise/tcNF-base#aneo_grid1_13.69_timeFalse#train_only#u7r5k3mpl2/*latent_space.png,../results/TFselfopt_train_only_v1_aneo_cc_re2-aneo_with_noise/tcNF-base#aneo_grid1_13.69_timeFalse#train_only#u7r5k3mpl2/*roc_curve.png,"{'coupling_stabilizer': 'tanh+bias', 'st_linear': True, 'batch_norm': 'none', 'input_embedding': 'none', 'coupling_layers': 10, 'input_embedding_type': 0, 'seed': 31, 'hidden_multiplier': 25, 'st_net_layers': 8, 'st_dropout': 0.4, 'st_funnel_factor': 5, 'past': 114, 'input_shape': [30115, 2], 'hist_shape': [30115, 114, 2]}",TFselfopt_train_only_v1_aneo_cc_re2-aneo_with_noise,train_only_v1_aneo,23129595,../results/TFselfopt_train_only_v1_aneo_cc_re2-aneo_with_noise/tcNF-base#aneo_grid1_13.69_timeFalse#train_only#u7r5k3mpl2/
aneo_with_noise,aneo_grid1_13.69_timeFalse,tcNF-cnn,201,train_only,0.92,0.92,0.91,0.86,0.41,[0.9223322381952526],[0.9165362254499317],[0.9052041541468522],[0.8553063848021711],[0.4063702448300977],[0.5719221400556871],[0.035919930403912274],[0.18508852780608887],[0.9052041541468522],[0.3703596522249544],[0.04292890763716463],[0.22120444626532332],[0.927649311564778],tcNF-cnn#aneo_grid1_13.69_timeFalse#train_only#3atdh1grk8,../results/TFselfopt_train_only_v1_aneo_cc_re2-aneo_with_noise/tcNF-cnn#aneo_grid1_13.69_timeFalse#train_only#3atdh1grk8/*overview.png,../results/TFselfopt_train_only_v1_aneo_cc_re2-aneo_with_noise/tcNF-cnn#aneo_grid1_13.69_timeFalse#train_only#3atdh1grk8/*latent_space.png,../results/TFselfopt_train_only_v1_aneo_cc_re2-aneo_with_noise/tcNF-cnn#aneo_grid1_13.69_timeFalse#train_only#3atdh1grk8/*roc_curve.png,"{'coupling_stabilizer': 'tanh+bias', 'st_linear': True, 'batch_norm': 'none', 'input_embedding': 'none', 'coupling_layers': 12, 'input_embedding_type': 0, 'seed': 63, 'hidden_multiplier': 18, 'st_net_layers': 4, 'st_dropout': 0.2, 'st_funnel_factor': 8, 'past': 201, 'encoder_layers': 1, 'encoder_size': 6, 'encoder_dropout': 0.3, 'encoder_channel_depth': 4, 'input_shape': [30115, 2], 'hist_shape': [30115, 201, 2]}",TFselfopt_train_only_v1_aneo_cc_re2-aneo_with_noise,train_only_v1_aneo,23129606,../results/TFselfopt_train_only_v1_aneo_cc_re2-aneo_with_noise/tcNF-cnn#aneo_grid1_13.69_timeFalse#train_only#3atdh1grk8/
aneo_with_noise,aneo_grid1_13.69_timeFalse,tcNF-mlp,100,train_only,0.8,0.82,0.82,0.81,0.6,[0.8044703143092323],[0.8226962355019426],[0.8154280593196545],[0.8064115308151093],[0.6014984119412976],[0.46242394312515406],[0.03205198251763741],[0.17536694889301566],[0.8154280593196545],[0.46687729179468707],[0.04210223536890033],[0.2303551911073454],[0.8904061820928761],tcNF-mlp#aneo_grid1_13.69_timeFalse#train_only#61vaphlieu,../results/TFselfopt_train_only_v1_aneo_cc_re2-aneo_with_noise/tcNF-mlp#aneo_grid1_13.69_timeFalse#train_only#61vaphlieu/*overview.png,../results/TFselfopt_train_only_v1_aneo_cc_re2-aneo_with_noise/tcNF-mlp#aneo_grid1_13.69_timeFalse#train_only#61vaphlieu/*latent_space.png,../results/TFselfopt_train_only_v1_aneo_cc_re2-aneo_with_noise/tcNF-mlp#aneo_grid1_13.69_timeFalse#train_only#61vaphlieu/*roc_curve.png,"{'coupling_stabilizer': 'tanh+bias', 'st_linear': True, 'batch_norm': 'none', 'input_embedding': 'none', 'coupling_layers': 15, 'input_embedding_type': 0, 'seed': 44, 'hidden_multiplier': 40, 'st_net_layers': 4, 'st_dropout': 0.6, 'st_funnel_factor': 8, 'past': 100, 'encoder_layers': 1, 'encoder_dropout': 0.6, 'encoder_compression_factor': 5, 'input_shape': [30115, 2], 'hist_shape': [30115, 100, 2]}",TFselfopt_train_only_v1_aneo_cc_re2-aneo_with_noise,train_only_v1_aneo,23129826,../results/TFselfopt_train_only_v1_aneo_cc_re2-aneo_with_noise/tcNF-mlp#aneo_grid1_13.69_timeFalse#train_only#61vaphlieu/
aneo_with_noise,aneo_grid1_24.19_timeFalse,tcNF-base,144,train_only,0.82,0.83,0.83,0.84,0.49,[0.8181409602147257],[0.8296055803642814],[0.8263683931014439],[0.8358094262295082],[0.4894274026755106],[0.34231601539172524],[0.02316639529207794],[0.12619868130153364],[0.8263683931014439],[0.605115807984676],[0.026950604914834236],[0.14681312123227797],[0.8982383797133983],tcNF-base#aneo_grid1_24.19_timeFalse#train_only#71m2a3phug,../results/TFselfopt_train_only_v1_aneo_cc_re2-aneo_with_noise/tcNF-base#aneo_grid1_24.19_timeFalse#train_only#71m2a3phug/*overview.png,../results/TFselfopt_train_only_v1_aneo_cc_re2-aneo_with_noise/tcNF-base#aneo_grid1_24.19_timeFalse#train_only#71m2a3phug/*latent_space.png,../results/TFselfopt_train_only_v1_aneo_cc_re2-aneo_with_noise/tcNF-base#aneo_grid1_24.19_timeFalse#train_only#71m2a3phug/*roc_curve.png,"{'coupling_stabilizer': 'tanh+bias', 'st_linear': True, 'batch_norm': 'none', 'input_embedding': 'none', 'coupling_layers': 13, 'input_embedding_type': 0, 'seed': 87, 'hidden_multiplier': 24, 'st_net_layers': 4, 'st_dropout': 0.5, 'st_funnel_factor': 4, 'past': 144, 'input_shape': [39018, 2], 'hist_shape': [39018, 144, 2]}",TFselfopt_train_only_v1_aneo_cc_re2-aneo_with_noise,train_only_v1_aneo,23129596,../results/TFselfopt_train_only_v1_aneo_cc_re2-aneo_with_noise/tcNF-base#aneo_grid1_24.19_timeFalse#train_only#71m2a3phug/
aneo_with_noise,aneo_grid1_24.19_timeFalse,tcNF-cnn,170,train_only,0.95,0.96,0.95,0.91,0.4,[0.9539292943368765],[0.9560939074443502],[0.9546071334930456],[0.9107968071698642],[0.4047187337333896],[0.41597295660915967],[0.0265938944730624],[0.1473896112586834],[0.9546071334930456],[0.49917798015601095],[0.03053417992180784],[0.16922759896398548],[0.9546071334930456],tcNF-cnn#aneo_grid1_24.19_timeFalse#train_only#iyso1hxfpm,../results/TFselfopt_train_only_v1_aneo_cc_re2-aneo_with_noise/tcNF-cnn#aneo_grid1_24.19_timeFalse#train_only#iyso1hxfpm/*overview.png,../results/TFselfopt_train_only_v1_aneo_cc_re2-aneo_with_noise/tcNF-cnn#aneo_grid1_24.19_timeFalse#train_only#iyso1hxfpm/*latent_space.png,../results/TFselfopt_train_only_v1_aneo_cc_re2-aneo_with_noise/tcNF-cnn#aneo_grid1_24.19_timeFalse#train_only#iyso1hxfpm/*roc_curve.png,"{'coupling_stabilizer': 'tanh+bias', 'st_linear': True, 'batch_norm': 'none', 'input_embedding': 'none', 'coupling_layers': 8, 'input_embedding_type': 0, 'seed': 53, 'hidden_multiplier': 36, 'st_net_layers': 3, 'st_dropout': 0.3, 'st_funnel_factor': 6, 'past': 170, 'encoder_layers': 2, 'encoder_size': 6, 'encoder_dropout': 0.3, 'encoder_channel_depth': 5, 'input_shape': [39018, 2], 'hist_shape': [39018, 170, 2]}",TFselfopt_train_only_v1_aneo_cc_re2-aneo_with_noise,train_only_v1_aneo,23129607,../results/TFselfopt_train_only_v1_aneo_cc_re2-aneo_with_noise/tcNF-cnn#aneo_grid1_24.19_timeFalse#train_only#iyso1hxfpm/
aneo_with_noise,aneo_grid1_24.19_timeFalse,tcNF-mlp,142,train_only,0.66,0.69,0.68,0.78,0.54,[0.6556448572240404],[0.6910164890793398],[0.6753324065632041],[0.7775327840315656],[0.5358879648258874],[0.478355375882666],[0.030210243480428996],[0.1660072857201743],[0.6753324065632041],[0.4098795907254161],[0.03342605638055408],[0.1836783902671975],[0.8472656550148816],tcNF-mlp#aneo_grid1_24.19_timeFalse#train_only#mrtku3oicf,../results/TFselfopt_train_only_v1_aneo_cc_re2-aneo_with_noise/tcNF-mlp#aneo_grid1_24.19_timeFalse#train_only#mrtku3oicf/*overview.png,../results/TFselfopt_train_only_v1_aneo_cc_re2-aneo_with_noise/tcNF-mlp#aneo_grid1_24.19_timeFalse#train_only#mrtku3oicf/*latent_space.png,../results/TFselfopt_train_only_v1_aneo_cc_re2-aneo_with_noise/tcNF-mlp#aneo_grid1_24.19_timeFalse#train_only#mrtku3oicf/*roc_curve.png,"{'coupling_stabilizer': 'tanh+bias', 'st_linear': True, 'batch_norm': 'none', 'input_embedding': 'none', 'coupling_layers': 12, 'input_embedding_type': 0, 'seed': 77, 'hidden_multiplier': 33, 'st_net_layers': 5, 'st_dropout': 0.9, 'st_funnel_factor': 1, 'past': 142, 'encoder_layers': 2, 'encoder_dropout': 0.3, 'encoder_compression_factor': 14, 'input_shape': [39018, 2], 'hist_shape': [39018, 142, 2]}",TFselfopt_train_only_v1_aneo_cc_re2-aneo_with_noise,train_only_v1_aneo,23129828,../results/TFselfopt_train_only_v1_aneo_cc_re2-aneo_with_noise/tcNF-mlp#aneo_grid1_24.19_timeFalse#train_only#mrtku3oicf/
aneo_with_noise,aneo_grid1_0.00_timeFalse,tcNF-base,148,dynamix,0.93,0.94,0.94,0.9,0.5,[0.9331366520578511],[0.9376976666642183],[0.9368019472497845],[0.8962924552761213],[0.5039711826376733],[0.23853900750783177],[0.03018386674321185],[0.1615158495523947],[0.9368019472497845],[0.7960622884171518],[0.03689594386155179],[0.1974326142019628],[0.9700974536630583],tcNF-base#aneo_grid1_0.00_timeFalse#dynamix#2ye3tnocma,../results/TFselfopt_simple_dynamix_v1_aneo_cc_re1-aneo_with_noise/tcNF-base#aneo_grid1_0.00_timeFalse#dynamix#2ye3tnocma/*overview.png,../results/TFselfopt_simple_dynamix_v1_aneo_cc_re1-aneo_with_noise/tcNF-base#aneo_grid1_0.00_timeFalse#dynamix#2ye3tnocma/*latent_space.png,../results/TFselfopt_simple_dynamix_v1_aneo_cc_re1-aneo_with_noise/tcNF-base#aneo_grid1_0.00_timeFalse#dynamix#2ye3tnocma/*roc_curve.png,"{'coupling_stabilizer': 'tanh+bias', 'st_linear': True, 'batch_norm': 'none', 'input_embedding': 'none', 'coupling_layers': 14, 'input_embedding_type': 0, 'seed': 63, 'hidden_multiplier': 44, 'st_net_layers': 3, 'st_dropout': 0.7, 'st_funnel_factor': 9, 'past': 148, 'input_shape': [16246, 2], 'hist_shape': [16246, 148, 2]}",TFselfopt_simple_dynamix_v1_aneo_cc_re1-aneo_with_noise,simple_dynamix_v1_aneo,23512810,../results/TFselfopt_simple_dynamix_v1_aneo_cc_re1-aneo_with_noise/tcNF-base#aneo_grid1_0.00_timeFalse#dynamix#2ye3tnocma/
aneo_with_noise,aneo_grid1_0.00_timeFalse,tcNF-cnn,194,dynamix,0.84,0.85,0.84,0.78,0.62,[0.83593676571452],[0.8486459896085006],[0.8431418137054647],[0.7803878721660749],[0.6199793174187147],[0.5672306816620025],[0.036652295796008275],[0.2022730589632363],[0.8431418137054647],[0.38009549851110425],[0.04022919469484323],[0.2220128942493079],[0.902357848236216],tcNF-cnn#aneo_grid1_0.00_timeFalse#dynamix#8reh37ntq2,../results/TFselfopt_simple_dynamix_v1_aneo_cc_re1-aneo_with_noise/tcNF-cnn#aneo_grid1_0.00_timeFalse#dynamix#8reh37ntq2/*overview.png,../results/TFselfopt_simple_dynamix_v1_aneo_cc_re1-aneo_with_noise/tcNF-cnn#aneo_grid1_0.00_timeFalse#dynamix#8reh37ntq2/*latent_space.png,../results/TFselfopt_simple_dynamix_v1_aneo_cc_re1-aneo_with_noise/tcNF-cnn#aneo_grid1_0.00_timeFalse#dynamix#8reh37ntq2/*roc_curve.png,"{'coupling_stabilizer': 'tanh+bias', 'st_linear': True, 'batch_norm': 'none', 'input_embedding': 'none', 'coupling_layers': 9, 'input_embedding_type': 0, 'seed': 72, 'hidden_multiplier': 23, 'st_net_layers': 8, 'st_dropout': 0.9, 'st_funnel_factor': 5, 'past': 194, 'encoder_layers': 4, 'encoder_size': 5, 'encoder_dropout': 0.7, 'encoder_channel_depth': 8, 'input_shape': [16246, 2], 'hist_shape': [16246, 194, 2]}",TFselfopt_simple_dynamix_v1_aneo_cc_re1-aneo_with_noise,simple_dynamix_v1_aneo,23512819,../results/TFselfopt_simple_dynamix_v1_aneo_cc_re1-aneo_with_noise/tcNF-cnn#aneo_grid1_0.00_timeFalse#dynamix#8reh37ntq2/
aneo_with_noise,aneo_grid1_0.00_timeFalse,tcNF-mlp,157,dynamix,0.92,0.92,0.92,0.88,0.66,[0.9172617112191604],[0.9232118606529216],[0.920030899563193],[0.8797493145319232],[0.6610106973483526],[0.321197035045602],[0.03837480294242871],[0.2062773656302976],[0.920030899563193],[0.6680113389177061],[0.05063893667775735],[0.27220117512728903],[0.9688252848527044],tcNF-mlp#aneo_grid1_0.00_timeFalse#dynamix#navom5ix1t,../results/TFselfopt_simple_dynamix_v1_aneo_cc_re1-aneo_with_noise/tcNF-mlp#aneo_grid1_0.00_timeFalse#dynamix#navom5ix1t/*overview.png,../results/TFselfopt_simple_dynamix_v1_aneo_cc_re1-aneo_with_noise/tcNF-mlp#aneo_grid1_0.00_timeFalse#dynamix#navom5ix1t/*latent_space.png,../results/TFselfopt_simple_dynamix_v1_aneo_cc_re1-aneo_with_noise/tcNF-mlp#aneo_grid1_0.00_timeFalse#dynamix#navom5ix1t/*roc_curve.png,"{'coupling_stabilizer': 'tanh+bias', 'st_linear': True, 'batch_norm': 'none', 'input_embedding': 'none', 'coupling_layers': 12, 'input_embedding_type': 0, 'seed': 65, 'hidden_multiplier': 11, 'st_net_layers': 2, 'st_dropout': 0.6, 'st_funnel_factor': 8, 'past': 157, 'encoder_layers': 3, 'encoder_dropout': 0.4, 'encoder_compression_factor': 7, 'input_shape': [16246, 2], 'hist_shape': [16246, 157, 2]}",TFselfopt_simple_dynamix_v1_aneo_cc_re1-aneo_with_noise,simple_dynamix_v1_aneo,23512828,../results/TFselfopt_simple_dynamix_v1_aneo_cc_re1-aneo_with_noise/tcNF-mlp#aneo_grid1_0.00_timeFalse#dynamix#navom5ix1t/
aneo_with_noise,aneo_grid1_1.04_timeFalse,tcNF-base,142,dynamix,0.72,0.75,0.74,0.77,0.65,[0.7208078327690256],[0.7513013363971323],[0.7388718833121761],[0.7734470158343484],[0.6516005243712998],[0.5811938096506198],[0.028653601180298454],[0.1574534333406234],[0.7388718833121761],[0.3320588186796866],[0.03151536466475559],[0.17317901293535926],[0.7956431137727157],tcNF-base#aneo_grid1_1.04_timeFalse#dynamix#7bnoszyg4h,../results/TFselfopt_simple_dynamix_v1_aneo_cc_re1-aneo_with_noise/tcNF-base#aneo_grid1_1.04_timeFalse#dynamix#7bnoszyg4h/*overview.png,../results/TFselfopt_simple_dynamix_v1_aneo_cc_re1-aneo_with_noise/tcNF-base#aneo_grid1_1.04_timeFalse#dynamix#7bnoszyg4h/*latent_space.png,../results/TFselfopt_simple_dynamix_v1_aneo_cc_re1-aneo_with_noise/tcNF-base#aneo_grid1_1.04_timeFalse#dynamix#7bnoszyg4h/*roc_curve.png,"{'coupling_stabilizer': 'tanh+bias', 'st_linear': True, 'batch_norm': 'none', 'input_embedding': 'none', 'coupling_layers': 11, 'input_embedding_type': 0, 'seed': 30, 'hidden_multiplier': 15, 'st_net_layers': 4, 'st_dropout': 0.8, 'st_funnel_factor': 8, 'past': 142, 'input_shape': [26155, 2], 'hist_shape': [26155, 142, 2]}",TFselfopt_simple_dynamix_v1_aneo_cc_re1-aneo_with_noise,simple_dynamix_v1_aneo,23512811,../results/TFselfopt_simple_dynamix_v1_aneo_cc_re1-aneo_with_noise/tcNF-base#aneo_grid1_1.04_timeFalse#dynamix#7bnoszyg4h/
aneo_with_noise,aneo_grid1_1.04_timeFalse,tcNF-cnn,209,dynamix,0.74,0.75,0.73,0.73,0.1,[0.7388268505929523],[0.7486259930380593],[0.731715966272499],[0.7317152103559871],[0.09577989052046887],[0.6159239679409371],[0.025941546199460597],[0.14193474004496442],[0.731715966272499],[0.3152530480289093],[0.03380869149776286],[0.184978482088132],[0.9107965130841698],tcNF-cnn#aneo_grid1_1.04_timeFalse#dynamix#2d01k4x9hc,../results/TFselfopt_simple_dynamix_v1_aneo_cc_re1-aneo_with_noise/tcNF-cnn#aneo_grid1_1.04_timeFalse#dynamix#2d01k4x9hc/*overview.png,../results/TFselfopt_simple_dynamix_v1_aneo_cc_re1-aneo_with_noise/tcNF-cnn#aneo_grid1_1.04_timeFalse#dynamix#2d01k4x9hc/*latent_space.png,../results/TFselfopt_simple_dynamix_v1_aneo_cc_re1-aneo_with_noise/tcNF-cnn#aneo_grid1_1.04_timeFalse#dynamix#2d01k4x9hc/*roc_curve.png,"{'coupling_stabilizer': 'tanh+bias', 'st_linear': True, 'batch_norm': 'none', 'input_embedding': 'none', 'coupling_layers': 13, 'input_embedding_type': 0, 'seed': 61, 'hidden_multiplier': 42, 'st_net_layers': 7, 'st_dropout': 0.6, 'st_funnel_factor': 6, 'past': 209, 'encoder_layers': 1, 'encoder_size': 6, 'encoder_dropout': 0.7, 'encoder_channel_depth': 10, 'input_shape': [26155, 2], 'hist_shape': [26155, 209, 2]}",TFselfopt_simple_dynamix_v1_aneo_cc_re1-aneo_with_noise,simple_dynamix_v1_aneo,23512820,../results/TFselfopt_simple_dynamix_v1_aneo_cc_re1-aneo_with_noise/tcNF-cnn#aneo_grid1_1.04_timeFalse#dynamix#2d01k4x9hc/
aneo_with_noise,aneo_grid1_1.04_timeFalse,tcNF-mlp,124,dynamix,0.95,0.97,0.96,0.91,0.56,[0.9530609674291624],[0.9661945968959995],[0.9602066592776245],[0.9050747937928142],[0.5560606937093888],[0.47341069344441444],[0.03509733928240529],[0.1860929842273744],[0.9602066592776245],[0.49484594414446853],[0.04347691915415721],[0.23052316203540243],[0.9602066592776245],tcNF-mlp#aneo_grid1_1.04_timeFalse#dynamix#9qda1yx73k,../results/TFselfopt_simple_dynamix_v1_aneo_cc_re1-aneo_with_noise/tcNF-mlp#aneo_grid1_1.04_timeFalse#dynamix#9qda1yx73k/*overview.png,../results/TFselfopt_simple_dynamix_v1_aneo_cc_re1-aneo_with_noise/tcNF-mlp#aneo_grid1_1.04_timeFalse#dynamix#9qda1yx73k/*latent_space.png,../results/TFselfopt_simple_dynamix_v1_aneo_cc_re1-aneo_with_noise/tcNF-mlp#aneo_grid1_1.04_timeFalse#dynamix#9qda1yx73k/*roc_curve.png,"{'coupling_stabilizer': 'tanh+bias', 'st_linear': True, 'batch_norm': 'none', 'input_embedding': 'none', 'coupling_layers': 12, 'input_embedding_type': 0, 'seed': 100, 'hidden_multiplier': 25, 'st_net_layers': 4, 'st_dropout': 0.5, 'st_funnel_factor': 2, 'past': 124, 'encoder_layers': 2, 'encoder_dropout': 0.5, 'encoder_compression_factor': 3, 'input_shape': [26155, 2], 'hist_shape': [26155, 124, 2]}",TFselfopt_simple_dynamix_v1_aneo_cc_re1-aneo_with_noise,simple_dynamix_v1_aneo,23512829,../results/TFselfopt_simple_dynamix_v1_aneo_cc_re1-aneo_with_noise/tcNF-mlp#aneo_grid1_1.04_timeFalse#dynamix#9qda1yx73k/
aneo_with_noise,aneo_grid1_13.69_timeFalse,tcNF-base,133,dynamix,0.93,0.94,0.93,0.87,0.51,[0.9319820074295305],[0.9350175611131597],[0.9344096857838435],[0.8698976109215018],[0.5113279551817395],[0.4246639203964171],[0.035007654325939226],[0.17771518498408545],[0.9344096857838435],[0.5666959507519925],[0.043495148297710534],[0.22080166393526207],[0.9344096857838435],tcNF-base#aneo_grid1_13.69_timeFalse#dynamix#5g36no0yfi,../results/TFselfopt_simple_dynamix_v1_aneo_cc_re1-aneo_with_noise/tcNF-base#aneo_grid1_13.69_timeFalse#dynamix#5g36no0yfi/*overview.png,../results/TFselfopt_simple_dynamix_v1_aneo_cc_re1-aneo_with_noise/tcNF-base#aneo_grid1_13.69_timeFalse#dynamix#5g36no0yfi/*latent_space.png,../results/TFselfopt_simple_dynamix_v1_aneo_cc_re1-aneo_with_noise/tcNF-base#aneo_grid1_13.69_timeFalse#dynamix#5g36no0yfi/*roc_curve.png,"{'coupling_stabilizer': 'tanh+bias', 'st_linear': True, 'batch_norm': 'none', 'input_embedding': 'none', 'coupling_layers': 12, 'input_embedding_type': 0, 'seed': 66, 'hidden_multiplier': 44, 'st_net_layers': 3, 'st_dropout': 0.8, 'st_funnel_factor': 5, 'past': 133, 'input_shape': [30115, 2], 'hist_shape': [30115, 133, 2]}",TFselfopt_simple_dynamix_v1_aneo_cc_re1-aneo_with_noise,simple_dynamix_v1_aneo,23512812,../results/TFselfopt_simple_dynamix_v1_aneo_cc_re1-aneo_with_noise/tcNF-base#aneo_grid1_13.69_timeFalse#dynamix#5g36no0yfi/
aneo_with_noise,aneo_grid1_13.69_timeFalse,tcNF-cnn,200,dynamix,0.96,0.94,0.88,0.92,0.1,[0.960278416991923],[0.9352066264727521],[0.8849852644148434],[0.9219838395096127],[0.10057320936515225],[0.537652143925038],[0.039994327833671454],[0.21691098803787728],[0.8849852644148434],[0.42993529974371775],[0.05073607719910622],[0.27516933601666377],[0.9459114217021926],tcNF-cnn#aneo_grid1_13.69_timeFalse#dynamix#pidblznk5y,../results/TFselfopt_simple_dynamix_v1_aneo_cc_re1-aneo_with_noise/tcNF-cnn#aneo_grid1_13.69_timeFalse#dynamix#pidblznk5y/*overview.png,../results/TFselfopt_simple_dynamix_v1_aneo_cc_re1-aneo_with_noise/tcNF-cnn#aneo_grid1_13.69_timeFalse#dynamix#pidblznk5y/*latent_space.png,../results/TFselfopt_simple_dynamix_v1_aneo_cc_re1-aneo_with_noise/tcNF-cnn#aneo_grid1_13.69_timeFalse#dynamix#pidblznk5y/*roc_curve.png,"{'coupling_stabilizer': 'tanh+bias', 'st_linear': True, 'batch_norm': 'none', 'input_embedding': 'none', 'coupling_layers': 11, 'input_embedding_type': 0, 'seed': 73, 'hidden_multiplier': 45, 'st_net_layers': 4, 'st_dropout': 0.7, 'st_funnel_factor': 2, 'past': 200, 'encoder_layers': 1, 'encoder_size': 7, 'encoder_dropout': 0.5, 'encoder_channel_depth': 9, 'input_shape': [30115, 2], 'hist_shape': [30115, 200, 2]}",TFselfopt_simple_dynamix_v1_aneo_cc_re1-aneo_with_noise,simple_dynamix_v1_aneo,23512821,../results/TFselfopt_simple_dynamix_v1_aneo_cc_re1-aneo_with_noise/tcNF-cnn#aneo_grid1_13.69_timeFalse#dynamix#pidblznk5y/
aneo_with_noise,aneo_grid1_13.69_timeFalse,tcNF-mlp,118,dynamix,0.94,0.94,0.94,0.9,0.52,[0.9410395567892075],[0.9439806685073171],[0.9426894281439575],[0.8996796925048046],[0.5249332846886129],[0.41495019695086494],[0.03441123451473663],[0.18909200926409372],[0.9426894281439575],[0.5492871774931394],[0.03929785633671187],[0.21594431932682492],[0.9426894281439575],tcNF-mlp#aneo_grid1_13.69_timeFalse#dynamix#2e3ryczpio,../results/TFselfopt_simple_dynamix_v1_aneo_cc_re1-aneo_with_noise/tcNF-mlp#aneo_grid1_13.69_timeFalse#dynamix#2e3ryczpio/*overview.png,../results/TFselfopt_simple_dynamix_v1_aneo_cc_re1-aneo_with_noise/tcNF-mlp#aneo_grid1_13.69_timeFalse#dynamix#2e3ryczpio/*latent_space.png,../results/TFselfopt_simple_dynamix_v1_aneo_cc_re1-aneo_with_noise/tcNF-mlp#aneo_grid1_13.69_timeFalse#dynamix#2e3ryczpio/*roc_curve.png,"{'coupling_stabilizer': 'tanh+bias', 'st_linear': True, 'batch_norm': 'none', 'input_embedding': 'none', 'coupling_layers': 11, 'input_embedding_type': 0, 'seed': 89, 'hidden_multiplier': 1, 'st_net_layers': 7, 'st_dropout': 0.6, 'st_funnel_factor': 10, 'past': 118, 'encoder_layers': 2, 'encoder_dropout': 0.1, 'encoder_compression_factor': 8, 'input_shape': [30115, 2], 'hist_shape': [30115, 118, 2]}",TFselfopt_simple_dynamix_v1_aneo_cc_re1-aneo_with_noise,simple_dynamix_v1_aneo,23512830,../results/TFselfopt_simple_dynamix_v1_aneo_cc_re1-aneo_with_noise/tcNF-mlp#aneo_grid1_13.69_timeFalse#dynamix#2e3ryczpio/
aneo_with_noise,aneo_grid1_24.19_timeFalse,tcNF-base,121,dynamix,0.96,0.94,0.92,0.91,0.2,[0.9613089013342104],[0.9368671086724347],[0.9156955562595056],[0.9106453392167678],[0.20497250544828724],[0.2114221243806583],[0.03912565537049447],[0.2168435744204236],[0.9156955562595056],[0.796657935752613],[0.041746644432900895],[0.23136971159121833],[0.9250211064258229],tcNF-base#aneo_grid1_24.19_timeFalse#dynamix#cnarjd607f,../results/TFselfopt_simple_dynamix_v1_aneo_cc_re1-aneo_with_noise/tcNF-base#aneo_grid1_24.19_timeFalse#dynamix#cnarjd607f/*overview.png,../results/TFselfopt_simple_dynamix_v1_aneo_cc_re1-aneo_with_noise/tcNF-base#aneo_grid1_24.19_timeFalse#dynamix#cnarjd607f/*latent_space.png,../results/TFselfopt_simple_dynamix_v1_aneo_cc_re1-aneo_with_noise/tcNF-base#aneo_grid1_24.19_timeFalse#dynamix#cnarjd607f/*roc_curve.png,"{'coupling_stabilizer': 'tanh+bias', 'st_linear': True, 'batch_norm': 'none', 'input_embedding': 'none', 'coupling_layers': 11, 'input_embedding_type': 0, 'seed': 37, 'hidden_multiplier': 40, 'st_net_layers': 7, 'st_dropout': 0.3, 'st_funnel_factor': 9, 'past': 121, 'input_shape': [39018, 2], 'hist_shape': [39018, 121, 2]}",TFselfopt_simple_dynamix_v1_aneo_cc_re1-aneo_with_noise,simple_dynamix_v1_aneo,23512813,../results/TFselfopt_simple_dynamix_v1_aneo_cc_re1-aneo_with_noise/tcNF-base#aneo_grid1_24.19_timeFalse#dynamix#cnarjd607f/
aneo_with_noise,aneo_grid1_24.19_timeFalse,tcNF-cnn,213,dynamix,0.96,0.94,0.91,0.91,0.22,[0.9606279656502429],[0.9369642724231327],[0.9143772956527179],[0.9093433291684021],[0.2210062580874113],[0.19861798836215888],[0.0378607546936544],[0.20983319768793166],[0.9143772956527179],[0.8060785550399532],[0.04156336053780797],[0.2303539091830721],[0.9205760706435547],tcNF-cnn#aneo_grid1_24.19_timeFalse#dynamix#u6kxwe9ytv,../results/TFselfopt_simple_dynamix_v1_aneo_cc_re1-aneo_with_noise/tcNF-cnn#aneo_grid1_24.19_timeFalse#dynamix#u6kxwe9ytv/*overview.png,../results/TFselfopt_simple_dynamix_v1_aneo_cc_re1-aneo_with_noise/tcNF-cnn#aneo_grid1_24.19_timeFalse#dynamix#u6kxwe9ytv/*latent_space.png,../results/TFselfopt_simple_dynamix_v1_aneo_cc_re1-aneo_with_noise/tcNF-cnn#aneo_grid1_24.19_timeFalse#dynamix#u6kxwe9ytv/*roc_curve.png,"{'coupling_stabilizer': 'tanh+bias', 'st_linear': True, 'batch_norm': 'none', 'input_embedding': 'none', 'coupling_layers': 13, 'input_embedding_type': 0, 'seed': 66, 'hidden_multiplier': 40, 'st_net_layers': 7, 'st_dropout': 0.3, 'st_funnel_factor': 9, 'past': 213, 'encoder_layers': 6, 'encoder_size': 4, 'encoder_dropout': 0.7, 'encoder_channel_depth': 5, 'input_shape': [39018, 2], 'hist_shape': [39018, 213, 2]}",TFselfopt_simple_dynamix_v1_aneo_cc_re1-aneo_with_noise,simple_dynamix_v1_aneo,23512822,../results/TFselfopt_simple_dynamix_v1_aneo_cc_re1-aneo_with_noise/tcNF-cnn#aneo_grid1_24.19_timeFalse#dynamix#u6kxwe9ytv/
aneo_with_noise,aneo_grid1_24.19_timeFalse,tcNF-mlp,214,dynamix,0.96,0.94,0.91,0.91,0.21,[0.9610110338195545],[0.9388896606379717],[0.9103422125235363],[0.9110497237569061],[0.20521441347058317],[0.19648877277395502],[0.033156250528987435],[0.17251466167844698],[0.9103422125235363],[0.8125212491035507],[0.03592608801157875],[0.1869263508347876],[0.9282781644192815],tcNF-mlp#aneo_grid1_24.19_timeFalse#dynamix#hzqrcmsbka,../results/TFselfopt_simple_dynamix_v1_aneo_cc_re1-aneo_with_noise/tcNF-mlp#aneo_grid1_24.19_timeFalse#dynamix#hzqrcmsbka/*overview.png,../results/TFselfopt_simple_dynamix_v1_aneo_cc_re1-aneo_with_noise/tcNF-mlp#aneo_grid1_24.19_timeFalse#dynamix#hzqrcmsbka/*latent_space.png,../results/TFselfopt_simple_dynamix_v1_aneo_cc_re1-aneo_with_noise/tcNF-mlp#aneo_grid1_24.19_timeFalse#dynamix#hzqrcmsbka/*roc_curve.png,"{'coupling_stabilizer': 'tanh+bias', 'st_linear': True, 'batch_norm': 'none', 'input_embedding': 'none', 'coupling_layers': 11, 'input_embedding_type': 0, 'seed': 44, 'hidden_multiplier': 36, 'st_net_layers': 5, 'st_dropout': 0.2, 'st_funnel_factor': 9, 'past': 214, 'encoder_layers': 1, 'encoder_dropout': 0.6, 'encoder_compression_factor': 15, 'input_shape': [39018, 2], 'hist_shape': [39018, 214, 2]}",TFselfopt_simple_dynamix_v1_aneo_cc_re1-aneo_with_noise,simple_dynamix_v1_aneo,23512831,../results/TFselfopt_simple_dynamix_v1_aneo_cc_re1-aneo_with_noise/tcNF-mlp#aneo_grid1_24.19_timeFalse#dynamix#hzqrcmsbka/
aneo_with_noise,aneo_grid1_0.00_timeFalse,tcNF-base,104,knowimp,0.98,0.98,0.98,0.93,0.51,[0.9768695287558488],[0.9793617742618216],[0.9786837555732046],[0.9328419328419328],[0.5053617312269209],[0.2255094529653694],[0.028965261623931007],[0.1528668346911772],[0.9786837555732046],[0.8290087198863402],[0.031433900941609395],[0.1658953059471005],[0.9786837555732046],tcNF-base#aneo_grid1_0.00_timeFalse#knowimp#xjelu86g2o,../results/TFselfopt_simple_knowimp_v1_aneo_cc_re1-aneo_with_noise/tcNF-base#aneo_grid1_0.00_timeFalse#knowimp#xjelu86g2o/*overview.png,../results/TFselfopt_simple_knowimp_v1_aneo_cc_re1-aneo_with_noise/tcNF-base#aneo_grid1_0.00_timeFalse#knowimp#xjelu86g2o/*latent_space.png,../results/TFselfopt_simple_knowimp_v1_aneo_cc_re1-aneo_with_noise/tcNF-base#aneo_grid1_0.00_timeFalse#knowimp#xjelu86g2o/*roc_curve.png,"{'coupling_stabilizer': 'tanh+bias', 'st_linear': True, 'batch_norm': 'none', 'input_embedding': 'none', 'coupling_layers': 14, 'input_embedding_type': 0, 'seed': 78, 'hidden_multiplier': 28, 'st_net_layers': 3, 'st_dropout': 0.6, 'st_funnel_factor': 10, 'past': 104, 'input_shape': [16246, 2], 'hist_shape': [16246, 104, 2]}",TFselfopt_simple_knowimp_v1_aneo_cc_re1-aneo_with_noise,simple_knowimp_v1_aneo,23512837,../results/TFselfopt_simple_knowimp_v1_aneo_cc_re1-aneo_with_noise/tcNF-base#aneo_grid1_0.00_timeFalse#knowimp#xjelu86g2o/
aneo_with_noise,aneo_grid1_0.00_timeFalse,tcNF-cnn,143,knowimp,0.91,0.91,0.91,0.87,0.62,[0.9054377351021257],[0.9136022653735225],[0.9109075256321664],[0.8741952789699571],[0.62104335143679],[0.5450649246060142],[0.04297801392253245],[0.234122253963148],[0.9109075256321664],[0.42543528171951334],[0.049630478728977266],[0.270361482181156],[0.9574348877361073],tcNF-cnn#aneo_grid1_0.00_timeFalse#knowimp#du6zfyp5j1,../results/TFselfopt_simple_knowimp_v1_aneo_cc_re1-aneo_with_noise/tcNF-cnn#aneo_grid1_0.00_timeFalse#knowimp#du6zfyp5j1/*overview.png,../results/TFselfopt_simple_knowimp_v1_aneo_cc_re1-aneo_with_noise/tcNF-cnn#aneo_grid1_0.00_timeFalse#knowimp#du6zfyp5j1/*latent_space.png,../results/TFselfopt_simple_knowimp_v1_aneo_cc_re1-aneo_with_noise/tcNF-cnn#aneo_grid1_0.00_timeFalse#knowimp#du6zfyp5j1/*roc_curve.png,"{'coupling_stabilizer': 'tanh+bias', 'st_linear': True, 'batch_norm': 'none', 'input_embedding': 'none', 'coupling_layers': 10, 'input_embedding_type': 0, 'seed': 35, 'hidden_multiplier': 2, 'st_net_layers': 5, 'st_dropout': 0.5, 'st_funnel_factor': 7, 'past': 143, 'encoder_layers': 1, 'encoder_size': 7, 'encoder_dropout': 0.1, 'encoder_channel_depth': 7, 'input_shape': [16246, 2], 'hist_shape': [16246, 143, 2]}",TFselfopt_simple_knowimp_v1_aneo_cc_re1-aneo_with_noise,simple_knowimp_v1_aneo,23512846,../results/TFselfopt_simple_knowimp_v1_aneo_cc_re1-aneo_with_noise/tcNF-cnn#aneo_grid1_0.00_timeFalse#knowimp#du6zfyp5j1/
aneo_with_noise,aneo_grid1_0.00_timeFalse,tcNF-mlp,156,knowimp,0.96,0.96,0.96,0.9,0.6,[0.9561176455326359],[0.9572621523558791],[0.9557726452281051],[0.8998664886515354],[0.5977510391561734],[0.3969719258283982],[0.0429739959137341],[0.22890902512859876],[0.9557726452281051],[0.5750835381549316],[0.05577988540113348],[0.2971219901121115],[0.9808220829677139],tcNF-mlp#aneo_grid1_0.00_timeFalse#knowimp#o680mjhqe4,../results/TFselfopt_simple_knowimp_v1_aneo_cc_re1-aneo_with_noise/tcNF-mlp#aneo_grid1_0.00_timeFalse#knowimp#o680mjhqe4/*overview.png,../results/TFselfopt_simple_knowimp_v1_aneo_cc_re1-aneo_with_noise/tcNF-mlp#aneo_grid1_0.00_timeFalse#knowimp#o680mjhqe4/*latent_space.png,../results/TFselfopt_simple_knowimp_v1_aneo_cc_re1-aneo_with_noise/tcNF-mlp#aneo_grid1_0.00_timeFalse#knowimp#o680mjhqe4/*roc_curve.png,"{'coupling_stabilizer': 'tanh+bias', 'st_linear': True, 'batch_norm': 'none', 'input_embedding': 'none', 'coupling_layers': 8, 'input_embedding_type': 0, 'seed': 30, 'hidden_multiplier': 11, 'st_net_layers': 6, 'st_dropout': 0.1, 'st_funnel_factor': 1, 'past': 156, 'encoder_layers': 2, 'encoder_dropout': 0.3, 'encoder_compression_factor': 10, 'input_shape': [16246, 2], 'hist_shape': [16246, 156, 2]}",TFselfopt_simple_knowimp_v1_aneo_cc_re1-aneo_with_noise,simple_knowimp_v1_aneo,23513047,../results/TFselfopt_simple_knowimp_v1_aneo_cc_re1-aneo_with_noise/tcNF-mlp#aneo_grid1_0.00_timeFalse#knowimp#o680mjhqe4/
aneo_with_noise,aneo_grid1_1.04_timeFalse,tcNF-base,101,knowimp,0.96,0.89,0.87,0.92,0.41,[0.9646646605176566],[0.8868181157640044],[0.8677419528349167],[0.9246925521624982],[0.4101517524327389],[0.632646990176806],[0.030791657580232296],[0.1647681781631283],[0.8677419528349167],[0.2792568502333261],[0.033762673083923604],[0.18066627687905762],[0.8677419528349167],tcNF-base#aneo_grid1_1.04_timeFalse#knowimp#uzrdy73vp4,../results/TFselfopt_simple_knowimp_v1_aneo_cc_re1-aneo_with_noise/tcNF-base#aneo_grid1_1.04_timeFalse#knowimp#uzrdy73vp4/*overview.png,../results/TFselfopt_simple_knowimp_v1_aneo_cc_re1-aneo_with_noise/tcNF-base#aneo_grid1_1.04_timeFalse#knowimp#uzrdy73vp4/*latent_space.png,../results/TFselfopt_simple_knowimp_v1_aneo_cc_re1-aneo_with_noise/tcNF-base#aneo_grid1_1.04_timeFalse#knowimp#uzrdy73vp4/*roc_curve.png,"{'coupling_stabilizer': 'tanh+bias', 'st_linear': True, 'batch_norm': 'none', 'input_embedding': 'none', 'coupling_layers': 10, 'input_embedding_type': 0, 'seed': 86, 'hidden_multiplier': 50, 'st_net_layers': 4, 'st_dropout': 0.6, 'st_funnel_factor': 6, 'past': 101, 'input_shape': [26155, 2], 'hist_shape': [26155, 101, 2]}",TFselfopt_simple_knowimp_v1_aneo_cc_re1-aneo_with_noise,simple_knowimp_v1_aneo,23512838,../results/TFselfopt_simple_knowimp_v1_aneo_cc_re1-aneo_with_noise/tcNF-base#aneo_grid1_1.04_timeFalse#knowimp#uzrdy73vp4/
aneo_with_noise,aneo_grid1_1.04_timeFalse,tcNF-cnn,179,knowimp,0.85,0.86,0.85,0.85,0.69,[0.8481164001635384],[0.8560054821716759],[0.8502029354272592],[0.8472352389878163],[0.6867277717777625],[0.6732903580741072],[0.026062339678640287],[0.14072340688606785],[0.8502029354272592],[0.2520407595069403],[0.027302269645000866],[0.14741839940469392],[0.8502029354272592],tcNF-cnn#aneo_grid1_1.04_timeFalse#knowimp#053rl9pouq,../results/TFselfopt_simple_knowimp_v1_aneo_cc_re1-aneo_with_noise/tcNF-cnn#aneo_grid1_1.04_timeFalse#knowimp#053rl9pouq/*overview.png,../results/TFselfopt_simple_knowimp_v1_aneo_cc_re1-aneo_with_noise/tcNF-cnn#aneo_grid1_1.04_timeFalse#knowimp#053rl9pouq/*latent_space.png,../results/TFselfopt_simple_knowimp_v1_aneo_cc_re1-aneo_with_noise/tcNF-cnn#aneo_grid1_1.04_timeFalse#knowimp#053rl9pouq/*roc_curve.png,"{'coupling_stabilizer': 'tanh+bias', 'st_linear': True, 'batch_norm': 'none', 'input_embedding': 'none', 'coupling_layers': 9, 'input_embedding_type': 0, 'seed': 81, 'hidden_multiplier': 1, 'st_net_layers': 6, 'st_dropout': 0.7, 'st_funnel_factor': 3, 'past': 179, 'encoder_layers': 1, 'encoder_size': 5, 'encoder_dropout': 0.7, 'encoder_channel_depth': 5, 'input_shape': [26155, 2], 'hist_shape': [26155, 179, 2]}",TFselfopt_simple_knowimp_v1_aneo_cc_re1-aneo_with_noise,simple_knowimp_v1_aneo,23512847,../results/TFselfopt_simple_knowimp_v1_aneo_cc_re1-aneo_with_noise/tcNF-cnn#aneo_grid1_1.04_timeFalse#knowimp#053rl9pouq/
aneo_with_noise,aneo_grid1_1.04_timeFalse,tcNF-mlp,110,knowimp,0.66,0.69,0.68,0.83,0.46,[0.6595717035067434],[0.6937010823245874],[0.6771193097410632],[0.8267349790405216],[0.4603584527716702],[0.5279852058683486],[0.03354512055786687],[0.18193343001830997],[0.6771193097410632],[0.4167316664928675],[0.03734897263219061],[0.20256378828368474],[0.8100258309622428],tcNF-mlp#aneo_grid1_1.04_timeFalse#knowimp#kajodsc9mf,../results/TFselfopt_simple_knowimp_v1_aneo_cc_re1-aneo_with_noise/tcNF-mlp#aneo_grid1_1.04_timeFalse#knowimp#kajodsc9mf/*overview.png,../results/TFselfopt_simple_knowimp_v1_aneo_cc_re1-aneo_with_noise/tcNF-mlp#aneo_grid1_1.04_timeFalse#knowimp#kajodsc9mf/*latent_space.png,../results/TFselfopt_simple_knowimp_v1_aneo_cc_re1-aneo_with_noise/tcNF-mlp#aneo_grid1_1.04_timeFalse#knowimp#kajodsc9mf/*roc_curve.png,"{'coupling_stabilizer': 'tanh+bias', 'st_linear': True, 'batch_norm': 'none', 'input_embedding': 'none', 'coupling_layers': 8, 'input_embedding_type': 0, 'seed': 43, 'hidden_multiplier': 1, 'st_net_layers': 8, 'st_dropout': 0.6, 'st_funnel_factor': 3, 'past': 110, 'encoder_layers': 2, 'encoder_dropout': 0.8, 'encoder_compression_factor': 13, 'input_shape': [26155, 2], 'hist_shape': [26155, 110, 2]}",TFselfopt_simple_knowimp_v1_aneo_cc_re1-aneo_with_noise,simple_knowimp_v1_aneo,23513048,../results/TFselfopt_simple_knowimp_v1_aneo_cc_re1-aneo_with_noise/tcNF-mlp#aneo_grid1_1.04_timeFalse#knowimp#kajodsc9mf/
aneo_with_noise,aneo_grid1_13.69_timeFalse,tcNF-base,138,knowimp,0.92,0.92,0.92,0.88,0.29,[0.9176120131249181],[0.9237163707693123],[0.9198671834225947],[0.883171657528469],[0.29336116318565786],[0.44567009876384767],[0.028745795634517526],[0.1572777119528733],[0.9198671834225947],[0.6108428708975152],[0.03791877454951529],[0.2074660996352243],[0.9490737326074583],tcNF-base#aneo_grid1_13.69_timeFalse#knowimp#vtiom6e7d2,../results/TFselfopt_simple_knowimp_v1_aneo_cc_re1-aneo_with_noise/tcNF-base#aneo_grid1_13.69_timeFalse#knowimp#vtiom6e7d2/*overview.png,../results/TFselfopt_simple_knowimp_v1_aneo_cc_re1-aneo_with_noise/tcNF-base#aneo_grid1_13.69_timeFalse#knowimp#vtiom6e7d2/*latent_space.png,../results/TFselfopt_simple_knowimp_v1_aneo_cc_re1-aneo_with_noise/tcNF-base#aneo_grid1_13.69_timeFalse#knowimp#vtiom6e7d2/*roc_curve.png,"{'coupling_stabilizer': 'tanh+bias', 'st_linear': True, 'batch_norm': 'none', 'input_embedding': 'none', 'coupling_layers': 15, 'input_embedding_type': 0, 'seed': 64, 'hidden_multiplier': 38, 'st_net_layers': 4, 'st_dropout': 0.7, 'st_funnel_factor': 8, 'past': 138, 'input_shape': [30115, 2], 'hist_shape': [30115, 138, 2]}",TFselfopt_simple_knowimp_v1_aneo_cc_re1-aneo_with_noise,simple_knowimp_v1_aneo,23512839,../results/TFselfopt_simple_knowimp_v1_aneo_cc_re1-aneo_with_noise/tcNF-base#aneo_grid1_13.69_timeFalse#knowimp#vtiom6e7d2/
aneo_with_noise,aneo_grid1_13.69_timeFalse,tcNF-cnn,155,knowimp,0.85,0.86,0.86,0.86,0.63,[0.8544380292870973],[0.863983799281025],[0.8583961629874666],[0.859276132624652],[0.6294863758519258],[0.570069973690851],[0.03749277929544565],[0.20424149919572068],[0.8583961629874666],[0.3864201117426534],[0.04403474153504176],[0.23987876590694604],[0.9347540472089464],tcNF-cnn#aneo_grid1_13.69_timeFalse#knowimp#6xyia2svqc,../results/TFselfopt_simple_knowimp_v1_aneo_cc_re1-aneo_with_noise/tcNF-cnn#aneo_grid1_13.69_timeFalse#knowimp#6xyia2svqc/*overview.png,../results/TFselfopt_simple_knowimp_v1_aneo_cc_re1-aneo_with_noise/tcNF-cnn#aneo_grid1_13.69_timeFalse#knowimp#6xyia2svqc/*latent_space.png,../results/TFselfopt_simple_knowimp_v1_aneo_cc_re1-aneo_with_noise/tcNF-cnn#aneo_grid1_13.69_timeFalse#knowimp#6xyia2svqc/*roc_curve.png,"{'coupling_stabilizer': 'tanh+bias', 'st_linear': True, 'batch_norm': 'none', 'input_embedding': 'none', 'coupling_layers': 8, 'input_embedding_type': 0, 'seed': 91, 'hidden_multiplier': 1, 'st_net_layers': 3, 'st_dropout': 0.7, 'st_funnel_factor': 8, 'past': 155, 'encoder_layers': 1, 'encoder_size': 7, 'encoder_dropout': 0.6, 'encoder_channel_depth': 5, 'input_shape': [30115, 2], 'hist_shape': [30115, 155, 2]}",TFselfopt_simple_knowimp_v1_aneo_cc_re1-aneo_with_noise,simple_knowimp_v1_aneo,23512848,../results/TFselfopt_simple_knowimp_v1_aneo_cc_re1-aneo_with_noise/tcNF-cnn#aneo_grid1_13.69_timeFalse#knowimp#6xyia2svqc/
aneo_with_noise,aneo_grid1_13.69_timeFalse,tcNF-mlp,132,knowimp,0.8,0.82,0.81,0.8,0.75,[0.8000603016421214],[0.8183572633737828],[0.8112349680818973],[0.7968402863490496],[0.7494103138473176],[0.43545298647965947],[0.028349303192955838],[0.15443251458252583],[0.8112349680818973],[0.5824658537076276],[0.03469464599742341],[0.1889986991025585],[0.8709817943619916],tcNF-mlp#aneo_grid1_13.69_timeFalse#knowimp#2lqf7z6cax,../results/TFselfopt_simple_knowimp_v1_aneo_cc_re1-aneo_with_noise/tcNF-mlp#aneo_grid1_13.69_timeFalse#knowimp#2lqf7z6cax/*overview.png,../results/TFselfopt_simple_knowimp_v1_aneo_cc_re1-aneo_with_noise/tcNF-mlp#aneo_grid1_13.69_timeFalse#knowimp#2lqf7z6cax/*latent_space.png,../results/TFselfopt_simple_knowimp_v1_aneo_cc_re1-aneo_with_noise/tcNF-mlp#aneo_grid1_13.69_timeFalse#knowimp#2lqf7z6cax/*roc_curve.png,"{'coupling_stabilizer': 'tanh+bias', 'st_linear': True, 'batch_norm': 'none', 'input_embedding': 'none', 'coupling_layers': 8, 'input_embedding_type': 0, 'seed': 39, 'hidden_multiplier': 30, 'st_net_layers': 4, 'st_dropout': 0.6, 'st_funnel_factor': 7, 'past': 132, 'encoder_layers': 2, 'encoder_dropout': 0.5, 'encoder_compression_factor': 2, 'input_shape': [30115, 2], 'hist_shape': [30115, 132, 2]}",TFselfopt_simple_knowimp_v1_aneo_cc_re1-aneo_with_noise,simple_knowimp_v1_aneo,23513049,../results/TFselfopt_simple_knowimp_v1_aneo_cc_re1-aneo_with_noise/tcNF-mlp#aneo_grid1_13.69_timeFalse#knowimp#2lqf7z6cax/
